"ID","1","2","3","4"
"00C133-020",6.75810327317092e-06,0.9224836142898,2.55040493455704e-07,0.0775093725664335
"01C_071-002",0.498372818242978,0.00458120324724432,0.0016416632794705,0.495404315230307
"02M_012-001",7.6963984623922e-07,0.999960397797354,1.68535252347116e-06,3.71472102766411e-05
"03M_016-002",9.83071333368991e-06,0.674493351606996,0.320866383877343,0.00463043380232701
"03M_034-002",1.67794939650902e-05,0.99002594869886,4.66271836334543e-05,0.00991064462354111
"04C_055-004",0.000911287261620558,0.995904896728929,1.54281126891793e-05,0.00316838789676127
"04C_126-005",0.00205683560829182,0.0332275254530529,2.90925246506116e-05,0.964686546414005
"04M_034-013",4.25917974953455e-05,0.997447320666845,0.000743850979113559,0.00176623655654586
"05M_002-001",0.973251145625715,7.95069481158877e-05,0.000191066572369159,0.0264782808537996
"05M_004-003",0.856889305531622,0.000322782463914128,4.08878362218073e-07,0.142787503126102
"05M_012-004",0.0280361712559469,0.000593219296279547,1.71340234980006e-05,0.971353475424276
"06C_127-002",0.00407081979581319,0.0206871588588462,0.000199578411904536,0.975042442933436
"12288_AF_23",0.000844222928985781,0.544043563308689,6.45286649421424e-06,0.455105760895831
"12601AB1",3.7027516174491e-06,0.918290724734287,0.0800694671106079,0.00163610540348738
"12636_A_2",1.83267098343533e-06,0.971925463895285,0.00027804263326092,0.02779466080047
"15119_AC_5",6.22965762674859e-05,0.0391173948752513,0.000381605341233743,0.960438703207247
"1512C16",0.0118046161004913,2.05562978257518e-06,0.0231937818927883,0.964999546376938
"15144_A_3",0.00179878739633393,1.8873776123271e-08,1.3438811341893e-06,0.998199849848756
"1563C14",0.129067784529721,1.4882379862033e-06,0.868618606268013,0.00231212096428019
"2182EF7",0.000499188136735857,5.0617291596352e-06,8.40874909023252e-06,0.999487341385014
"3681AD1",0.751702296924889,7.40365036925773e-06,6.2483698303255e-06,0.248284051054912
"5008AB6",0.788244997044313,2.6068802520634e-06,0.000104748424668392,0.211647647650766
"8204_A_4",0.000778191285169486,2.65672965512167e-05,1.86691281096753e-06,0.999193374505468
"AGRIA",0.999981574845578,4.34724339372689e-08,7.6952712307842e-08,1.83047292759263e-05
"AILSA",5.27732684624355e-07,0.999831312926115,4.04953476897524e-06,0.000164109806431028
"ALMERA",0.998447631838624,3.12905801393367e-07,1.04737725068255e-06,0.00155100787832385
"ALPHA",0.994561152489591,9.68130388709128e-07,0.000823681972644418,0.00461419740737515
"ALWARA",0.935311746383848,1.47575307486109e-07,1.00216326330608e-05,0.0646780844082119
"AMADRA",0.991027494758007,0.00054716313886277,0.000269302181848868,0.00815603992128115
"AMOUR",0.000214974299122797,0.180055049335305,7.93715260726116e-06,0.819722039212965
"ANNA",4.09027531304609e-05,1.73308870324093e-06,5.84800242446918e-06,0.999951516155742
"ANNABELLE",0.999947155195904,1.22424661252088e-10,4.42148526772088e-08,5.28004668185617e-05
"ANYA",0.935148257707165,8.73130254199582e-07,0.00425950729076885,0.0605913618718119
"ARGOS",0.000575055228907699,0.000842235361160005,4.23492434011629e-07,0.998582285917498
"ARIELLE",0.998150924317112,1.47609043049484e-08,7.07287583915896e-06,0.00184198804614459
"ARKULA",0.996112098788461,1.12838698055556e-08,1.17737113394611e-05,0.00387611621633006
"ARMADA",0.970680228063927,2.08619990870365e-05,9.01266398093336e-05,0.0292087832971773
"AVALANCHE",0.00111926138563512,0.986219875254871,8.07883300728127e-07,0.0126600554761931
"BAILLIE",0.000341660697477803,0.980231719430437,9.74088501599085e-07,0.0194256457835843
"BALMORAL",0.00338814660004647,1.14527272998185e-06,6.07528868669822e-07,0.996610100598355
"BAMBINO",3.59859462525432e-05,0.97578554556867,1.78263149058646e-07,0.0241782902219284
"BARNA",0.0125827003232765,9.82072719536554e-07,3.52614375022841e-06,0.987412791460254
"BELLE_DE_FONTENAY",5.27730666301412e-09,1.1504693534444e-10,0.999999893463642,1.01144004409685e-07
"BENOL",5.6379568641944e-07,0.999978984597844,7.39584843447616e-07,1.97120216256293e-05
"BF_15",5.78552680976347e-05,6.89409007018783e-09,0.999930089456743,1.20483810697115e-05
"BINTJE",0.330447591705771,0.000531571233803905,0.230661352161126,0.438359484899299
"BIONICA_EX_SASA",0.576304195638804,0.000318044925733427,0.000479109044996308,0.422898650390466
"BLUE_DANUBE",0.996898629258085,4.41487778205186e-07,9.5337503491804e-06,0.00309139550378761
"BONNIE",0.0904938213507812,0.00324159376253981,2.03998918711911e-05,0.906244184994808
"BOUNTY",0.000117846485608563,0.9209789012953,7.13854146653021e-07,0.0789025383649449
"BRITISH_QUEEN",0.00430767658410119,5.21622687253766e-05,0.860879703116496,0.134760458030677
"BRODICK",1.05041662892686e-05,0.995695788242138,9.64668482461413e-08,0.00429361112472405
"BRODIE",4.34445283417356e-06,6.88393088201257e-07,9.62461231052805e-06,0.999985342541767
"BUCHAN",1.8834119239847e-05,8.17129076972844e-06,1.12962492657069e-05,0.999961698340725
"BURREN",0.025527276226689,6.55360574452e-06,1.90404008092104e-05,0.974447129766757
"CABARET",4.39874165765352e-08,0.999694508247291,9.80290075138109e-05,0.000207418757778974
"CAESAR",0.999004504103888,3.07018157890389e-09,2.21263224410208e-09,0.000995490613297517
"CARA",1.99743314877358e-05,3.33438841629056e-06,2.03309423527545e-07,0.999976487970672
"CARLINGFORD",0.00264665142060407,1.23686812844262e-05,3.42831527212786e-05,0.99730669674539
"CASABLANCA",0.00643624078997205,0.0343277370069028,9.84434456362374e-08,0.95923592375968
"CELINE",0.917592296491121,8.16546604000546e-06,1.27090396682624e-05,0.0823868290031711
"CHALLENGER",0.980082796003232,0.000989474586842251,0.000437011819674162,0.0184907175902511
"CHARLOTTE",0.983594582738815,2.04135074583928e-05,0.000480787512082468,0.0159042162416447
"CHICAGO",0.00340895507697952,0.99594275309135,1.55204140915398e-06,0.000646739790261603
"CHIEFTAIN",0.00952743154535761,1.14431945819267e-05,0.00318877705943615,0.987272348200624
"CHOPIN",0.993725248681877,5.754664806266e-08,1.39809540866976e-06,0.00627329567606673
"CLARET",6.43724556345311e-05,2.90392572818881e-07,2.81152781590631e-07,0.999935055999011
"CORINE",0.166039226090436,0.0159981560765539,0.000190422191866692,0.817772195641144
"COSMOS",0.990217650346334,3.57685312723202e-06,6.42656800001887e-06,0.00977234623253898
"COURAGE",0.898143848308899,2.5012855464386e-06,8.94505725403815e-05,0.101764199833014
"COURLAN",0.285384564673048,4.58792775253934e-05,0.000745535784841902,0.713824020264585
"CRAIGS_ROYAL",7.67692270758954e-06,0.000343800605890584,1.79895069574254e-05,0.999630532964444
"CRAIGS_SNOW-WHITE",0.00373931146576678,0.00761429453604074,0.490731684148764,0.497914709849429
"CRAMOND",0.000183887907297505,0.978640789930435,2.25858706138748e-07,0.0211750963035617
"CRISPS_FOR_ALL",0.970544167712392,2.1290203030956e-06,2.61898369761623e-05,0.0294275134303288
"CROMWELL",5.60329113951447e-07,0.999983020479256,3.65809673067478e-06,1.27610948990907e-05
"D22/1",1.72352311182236e-08,0.999906267878166,2.07582484856882e-06,9.16390617540613e-05
"D23/3",2.35223214126721e-05,0.962127380577773,0.0313707968301735,0.00647830027064064
"D47-11",8.56140067271257e-10,0.999999475434559,3.10527766104715e-07,2.13181535469048e-07
"D49/1",7.8995908919291e-11,0.999999995144264,1.86364907886865e-09,2.91309069890464e-09
"DAISY",0.000131257231794045,0.999689863212434,5.03409772717925e-05,0.000128538578499626
"DARK_RED_NORLAND",0.0369948440680838,7.00926169785902e-06,0.00389547000256469,0.959102676667654
"DARWINA",0.996179340825781,6.63301074117614e-06,3.03752462622189e-05,0.00378365091721582
"DESIREE",0.91929343939544,8.87377629962812e-10,0.000365919478962362,0.0803406402382206
"DITTA",0.999013758963981,1.37942233810957e-08,2.67683193695036e-05,0.000959458922425824
"DR._MCINTOSH",0.000195992741120133,1.64182969517297e-06,4.12364560290811e-05,0.999761128973156
"DRAGA",0.283607943511633,0.000382670990798525,2.01149126009778e-05,0.715989270584967
"DUKE_OF_YORK",0.109759465730701,1.11604412358123e-06,0.833193215137533,0.0570462030876418
"DUNBAR_STANDARD",0.00036803242419185,0.00288669530232513,0.15029129160152,0.846453980671963
"DUNDROD",1.24204352774521e-05,0.997234214139696,0.000137051459241191,0.00261631396578524
"ECLIPSE",9.25651405724858e-05,2.69675073862989e-06,0.997582974049465,0.00232176405922386
"EDEN",4.00838924977713e-11,0.999999763587752,6.92705644527149e-08,1.67101599464868e-07
"EDZELL_BLUE",0.202453915910423,5.90737140672852e-05,0.561291759161022,0.236195251214488
"ELISABETH",0.974161032386898,1.73512610555534e-05,4.74022068001089e-06,0.0258168761313662
"EMPEROR",0.464069584136533,0.00255964959922277,0.000145300765099044,0.533225465499146
"EOS",0.507368777488859,0.00773962045286219,6.99577337047936e-05,0.484821644324574
"EPICURE",0.00286550134138767,6.36807886928667e-07,0.936341349581348,0.0607925122693777
"ERNTESTOLZ",0.941521896189569,6.62645008590407e-06,0.00912528652372284,0.0493461908366224
"ESCORT",0.998617563230912,1.47670733979602e-06,7.91333724041704e-08,0.00138088092837614
"ESMERALDA",0.961327065310072,5.38021996781321e-05,0.000174010327348808,0.0384451221629007
"ESTIMA",0.912368089258221,0.000132816445372638,0.000472056841650145,0.0870270374547563
"EVE_BALFOUR",0.000386031832955819,0.000517756210025102,0.00124634555901652,0.997849866398003
"EXCALIBUR",0.00580314025194208,0.12162895232015,8.34909396565499e-07,0.872567072518511
"EXQUISA",0.998573390074305,4.0987161632677e-09,3.37263488543415e-05,0.00139287947812477
"FESTIVAL",0.999190226395681,4.47735280596901e-07,3.9007821590448e-08,0.000809286861216505
"FIANNA",0.703799617551241,1.41858741759729e-06,3.66130954523585e-06,0.296195302551796
"FIFTYFOLD",3.10663841590424e-05,2.69945534171054e-06,0.999683410439462,0.000282823721037124
"FONTANE",0.999040732045143,4.44985957681116e-05,9.33871809375916e-07,0.000913835487279852
"FORTYFOLD",0.0020981709672997,1.58015677982153e-07,0.997702130805622,0.00019954021140039
"FRONTIER_RUSSET",0.0515481231761181,0.000248779656243204,0.0797454004616599,0.868457696705979
"G.81071",0.00624779936338133,0.000204691765143959,7.12053770322246e-05,0.993476303494442
"G.88661",0.0220706893957604,0.00190554863687399,3.69090601980788e-06,0.976020071061346
"G.886611",0.00397651657792936,0.000502705606150381,7.79600313694154e-07,0.995519998215607
"G.8867Y%12",0.0103449498606229,3.76579410316624e-06,1.48632695078602e-06,0.989649798018323
"G.88839",0.99998974096737,5.84409287975286e-10,4.68030564412756e-08,1.021164516473e-05
"G.88842",0.992576999769097,1.0651819466415e-08,2.25170363083824e-07,0.0074227644087203
"GALACTICA",0.562932401063533,2.94207626048383e-06,0.000206015296974533,0.436858641563232
"GEMSON",0.000202806070272733,3.3837311487866e-05,0.000557408903473194,0.999205947714766
"GL.76B/102",0.362363341396277,0.00532441738907398,0.625879037416156,0.00643320379849274
"GL.76B/94",0.0806866123888659,5.07752331799637e-07,0.918427718780398,0.000885161078404372
"GL.77M/106",0.0016308496304508,0.0202156044414016,0.00370582651438112,0.974447719413767
"GL.78/166",0.000148178960598015,1.21823401764365e-05,0.999827119004185,1.25196950408191e-05
"GL.78/53",4.25479414852337e-05,0.00571829556053282,0.994195427677931,4.37288200508902e-05
"GL.78/97",0.000323787962048778,0.000103191430925191,0.999530259450914,4.27611561125758e-05
"GL.79/42",0.000448780917544645,0.000246218466257348,0.999274772915008,3.02277011899128e-05
"GL.79/45",0.00299900261039283,0.000147421068317636,0.995166690666989,0.00168688565430071
"GL.81_NT_25",4.3418558013029e-08,0.999948530030091,4.93369841065872e-05,2.08956724425477e-06
"GLADIATOR",0.857302243599574,4.62853638629822e-06,2.20628523246498e-06,0.142690921578807
"GLAMIS",0.00203210164850873,0.931002657194151,2.62895309590167e-05,0.0669389516263813
"GOLDEN_MILLENNIUM",0.000226230428924656,0.885184496372778,5.72039548470062e-05,0.11453206924345
"GOLDEN_NUGGET",0.743618672628355,7.24967532827044e-05,2.58567177726465e-05,0.25628297390059
"GOLDEN_WONDER",0.000889715761358862,2.0907361336979e-06,0.997507583000163,0.00160061050234463
"GRANOLA",0.998634226858471,1.91939625378177e-06,2.07268004271471e-05,0.00134312694484794
"H1H3_101",1.40164651470207e-11,0.999998735289778,1.24836958448916e-06,1.6326620398739e-08
"H1H3_3",3.79651254222592e-05,0.979609084738919,0.000156057018063731,0.0201968931175952
"HARBOROUGH_HARVEST",1.01309175700624e-09,0.999995930653583,5.01627114082911e-11,4.06828316232957e-06
"HARLEQUIN",0.975695304170327,8.97825002005267e-05,0.00175966783314749,0.0224552454963252
"HERMES",0.988954427659519,8.2271182093206e-07,4.74739546042069e-05,0.0109972756740561
"HIGHLAND_BUR._RED",4.12615197087512e-07,1.10770581765647e-07,0.999999305768058,1.70846163423766e-07
"HOME_GUARD",0.000290907341265025,0.00225287225663825,0.0107300704969599,0.986726149905137
"HORIZON",0.996324084301572,1.90613730025109e-05,0.000458378440037107,0.00319847588538791
"INNOVATOR",0.201961489559176,7.16240249889208e-06,0.0061554213915248,0.7918759266468
"INTERNATIONAL_KIDNEY",5.88034737734701e-06,3.48690866642494e-07,0.999988652039637,5.11892211907259e-06
"ISLE_OF_JURA",0.00609818865012182,0.676209223925366,0.000652766718549263,0.317039820705963
"JULIETTE",0.999977880063789,1.95951319809948e-09,7.12520539938224e-08,2.20467246434527e-05
"KARLENA",0.250518487858343,5.18678813995143e-05,0.00477289397085507,0.744656750289403
"KERR'S_PINK",6.89589241663079e-06,1.86766556649771e-05,0.992613682916137,0.00736074453578104
"KESTREL",0.000570301647678277,0.0289576919610334,3.72232807563696e-06,0.970468284063213
"KIFLI",0.990039737567874,8.41800504248191e-05,0.000962304819309938,0.00891377756239158
"KING_EDWARD",1.13410509514946e-07,2.74300072310484e-07,0.999998866862459,7.45426958879238e-07
"KINGSTON",3.67492033263392e-05,0.998291785612292,1.62911074366484e-05,0.00165517407694517
"KUFRI_CHANDRAMUKHI",0.0438196065144457,0.000318388755624995,0.0159983410852166,0.939863663644713
"KUFRI_JYOTI",0.100223320426601,4.58884411238378e-06,0.000278401979112725,0.899493688750174
"KURODA",0.997852672943119,3.07046605316145e-08,2.1017951658726e-07,0.00214708617270357
"LADY_BALFOUR",0.000160947104039072,0.000276581101546623,7.43913512711141e-05,0.999488080443143
"LADY_CHRISTL",0.994524724189647,4.48382207955641e-06,0.00266309494229726,0.00280769704597626
"LADY_CLAIRE",0.999998959966568,1.48005341394311e-09,1.99568253259426e-07,8.38985125476826e-07
"LADY_JO",0.998688469076213,5.82597873356966e-06,0.000846854870086377,0.000458850074966829
"LADY_ROSETTA",0.880065480927115,8.90195858992548e-05,0.000341290016505082,0.119504209470481
"LIBERTAS",0.998136353203265,1.77569228716332e-07,0.000891868855148342,0.000971600372358149
"LINDA",0.999787753467425,1.31469665583292e-09,0.000120472318675933,9.17728992028252e-05
"LINTON",0.832005861209986,0.000301758642754314,8.05810743696754e-05,0.16761179907289
"LINZER_DELIKATESS",0.999622904290705,9.08543612422886e-09,0.00012982069429878,0.000247265929560302
"LIONHEART",0.987034653855467,2.94347472474832e-07,1.08669459914036e-06,0.0129639651024611
"MADELEINE",0.999705034748551,6.50471227038625e-08,6.20765206893965e-07,0.000294279439118849
"MADINGLEY",0.976091182995544,9.7652948210741e-06,1.62704388708594e-05,0.0238827812707643
"MAJESTIC",0.000595517802842447,6.47321770814615e-07,0.000115650966801591,0.999288183908585
"MARABEL",0.999978585433656,6.93539427037534e-11,2.13215505231319e-09,2.14123648348068e-05
"MARFONA",0.986365702470286,6.18742546837788e-06,7.46930666065213e-05,0.0135534170376394
"MARILYN",0.994886376952666,5.66919503883094e-08,6.14926145991779e-06,0.00510741709392313
"MARIS_ANCHOR",0.842862687937929,1.8720300630938e-05,0.00477200638445231,0.152346585376988
"MARIS_BARD",0.00167529359891987,0.241698375979846,0.000474083859176556,0.756152246562057
"MARIS_PEER",0.000204350607923645,0.000568519751340984,0.00262976047531278,0.996597369165423
"MARIS_PIPER",2.29366433609859e-12,0.999999998824667,8.56848035099252e-11,1.08735430268322e-09
"MARKIES",0.999922964448343,4.91587326983185e-09,1.28779917576641e-06,7.57428366078856e-05
"MAXINE",8.66311357177879e-05,0.690647282860952,1.93732422598403e-05,0.309246712761071
"MEGARA",0.999983359694605,8.04684226606983e-09,5.55712363305171e-08,1.6576687316178e-05
"MELODY",0.968855265788008,2.59662538882269e-05,0.000321690708612783,0.0307970772494914
"MIDAS",0.00119193150873666,0.998740650370529,3.4829254152986e-06,6.39351953195999e-05
"MILVA",0.998759870252419,1.23775889234294e-07,5.02966370720957e-05,0.0011897093346197
"MIMI",0.353912273041414,0.208107351394693,0.000512203408312977,0.43746817215558
"MIRA",0.999709595594001,4.20343670627968e-08,2.35339149516713e-05,0.000266828456680249
"MOIRA",0.896245330128195,3.92661200671229e-06,0.000377621095114836,0.103373122164683
"MONTROSE",3.9142627608041e-09,0.999990032221108,5.12753643008508e-06,4.83632819943565e-06
"MORAG",0.000105934689923515,0.000549583865331889,0.00244868400737443,0.99689579743737
"MORENE",0.999042311789766,1.19977418011683e-09,5.2838646271601e-06,0.000952403145832394
"MOZART",0.999624223785598,4.76595904353923e-09,4.60074081862021e-10,0.000375770988369263
"MYATT'S_ASHLEAF",3.26635214934034e-06,2.8095089388817e-09,0.9999963025681,4.28270241371257e-07
"NADINE",0.00376043733109195,0.846047556700404,3.02973125528588e-06,0.150188976237249
"NAVAN",4.08994322787157e-08,0.999944708798903,3.32475127797746e-08,5.5217054151663e-05
"NDTX_4271_5-R",0.00702193465784996,0.00276714398132762,0.000457574689823253,0.989753346670999
"NICOLA",0.999979400667539,8.13857647595363e-11,9.79935267127551e-06,1.07998984043986e-05
"NOVELLA",0.963805532062349,3.28504221846025e-07,2.8024375770279e-06,0.0361913369958518
"OLYMPUS",0.000264846538232441,0.105700997346391,0.00206341427898307,0.891970741836394
"OPERA",0.984137677404744,3.58255553226228e-06,6.44031559590749e-07,0.0158580960081639
"ORCHESTRA",0.999299523086928,1.19142719889019e-06,1.7265298949524e-06,0.000697558955978314
"ORIANA",0.991345437806303,1.06767607820102e-09,4.18043598455235e-06,0.00865038069003663
"OTHELLO",3.75250223530872e-06,3.06973271870532e-06,1.02992878965625e-07,0.999993074772167
"PALADIN",1.40619667157999e-10,0.999999869234602,3.56820215970064e-08,9.4942757107851e-08
"PANDA",0.999899842039885,1.45009599774933e-08,2.16698545283826e-07,9.99267606092077e-05
"PARAMOUNT",0.043220715519747,4.27039170709473e-08,3.66947990491068e-06,0.956775572296431
"PATRONES",0.942344487681961,1.89207507929104e-05,0.00272470305489883,0.0549118885123471
"PENTLAND_ACE",0.0317153527229395,0.000640218076416557,0.00428568380891202,0.963358745391732
"PENTLAND_BEAUTY",0.000308722889432236,2.45592775063403e-05,0.876352322428431,0.12331439540463
"PENTLAND_CROWN",0.0693062982921856,0.000656589654573326,0.000107391949653731,0.929929720103587
"PENTLAND_DELL",0.000176303815766169,6.09397068247019e-06,0.0112058882589156,0.988611713954636
"PENTLAND_IVORY",0.000127834612507187,7.74634683570867e-06,0.000172068756633052,0.999692350284024
"PENTLAND_JAVELIN",0.0201939566896183,7.14950079484244e-05,0.000395695544125866,0.979338852758307
"PENTLAND_MARBLE",0.674114284042808,5.64299777000335e-07,6.71032979870946e-05,0.325818048359428
"PENTLAND_SQUIRE",0.00568926055279434,0.000208214225418085,0.00289863755977787,0.99120388766201
"PEPO_1978",0.999875017421098,1.98596516030193e-07,3.4523802315857e-06,0.000121331602154674
"PICASSO",0.0724320797094871,1.50587423953734e-05,8.24769787383332e-08,0.927552779071139
"PIMPERNEL",0.998554409187061,3.29762730644869e-07,4.77512488118075e-05,0.00139750980139679
"PIONEER",0.999614084532622,6.9545370469758e-08,6.06438318680105e-05,0.000325202090139174
"PIXIE",0.00317351850619883,0.091652867460636,3.59447897830282e-07,0.905173254585267
"PREMIERE",0.987718587822042,1.90387572154972e-05,0.00151554603018126,0.0107468273905616
"PRODUCENT",0.998706326380137,0.000340711018950532,8.72231184083268e-06,0.000944240289071302
"PROVOST",0.0418401003848294,6.4966029172733e-06,0.000901147161290641,0.957252255850963
"R.P.LUSTRE",0.0177480109446647,0.00865160954778755,0.182521834087468,0.79107854542008
"RANGER_RUSSET",0.030603495459653,7.54054010035546e-08,0.118873291012931,0.850523138122015
"RATTE",0.000112080673041995,0.000316435388974999,0.999322659104542,0.000248824833441162
"RECORD",0.999831354802215,9.26924677692777e-09,6.12619142544749e-05,0.000107374014283426
"REMBRANDT",0.998140666201177,2.00922188343924e-05,3.62617672459159e-05,0.00180297981274286
"RIO_ROJO",0.032038798061342,7.66785463008447e-06,0.000484297423803908,0.967469236660224
"ROBIJN",0.999843196321694,1.71107281431846e-09,0.000127106753150803,2.96952140822153e-05
"ROCKET",1.68873766057279e-07,0.999613612005366,7.30919405589159e-06,0.000378909926811694
"RODE_STAR",0.989006737719645,9.03140353288325e-08,0.0109675238201593,2.56481461605207e-05
"ROMANO",0.777805788579491,8.52088447087987e-08,1.7461014496463e-06,0.222192380110214
"ROMEO",0.00400038627500451,1.73645950499063e-06,0.00250486592277435,0.993493011342716
"ROOSTER",0.0166818573741353,1.29674238435039e-05,0.000157281955782883,0.983147893246238
"ROYAL",0.807562538638368,0.184889735741243,0.00028240000410236,0.00726532561628627
"ROYAL_KIDNEY",1.83675420761496e-05,2.71996066480539e-07,0.967807834882907,0.0321735255789502
"RUBESSE",0.898027639292992,3.88909687202986e-07,4.24563776997072e-05,0.101929515419621
"RUSSET_BURBANK",0.0113402497675399,1.06163729334291e-06,0.012815252923088,0.975843435672079
"RUSSET_NORKOTAH",0.00148883000616313,4.53630933082295e-06,0.00707526017009932,0.991431373514407
"SAFARI",0.981415507091471,4.36420961211073e-08,6.05856340921566e-08,0.0185843886807988
"SANTANA",0.986079265275953,2.70503981202422e-05,1.69966716758219e-05,0.0138766876542511
"SANTE",0.995058362926521,2.58076643465674e-05,4.87076623633826e-06,0.00491095864289649
"SAPHIRE",0.967466316411692,2.94059906754662e-06,1.73037623681608e-07,0.0325305699516169
"SARPO_MIRA",0.997009705662547,2.5609269097524e-07,0.000254577986774288,0.00273546025798782
"SARPO_SHONA",0.99946674465321,8.47911084240715e-09,3.24111777059633e-06,0.000530005749908939
"SASSY",0.89648149755436,5.61405848969605e-05,0.0167302323778244,0.0867321294829183
"SATURNA",0.999872371328578,6.16630229114958e-08,0.000111828530824233,1.57384775745396e-05
"SAVA",0.997091518247529,2.13914302172656e-06,5.4252029003374e-06,0.00290091740654879
"SAXON",2.9346113861661e-07,0.999816580148472,3.04398229099881e-07,0.000182821992160997
"SCARBOROUGH",4.71440229929377e-11,0.999999765057569,2.26947140456883e-10,2.34668340235e-07
"SEFTON_WONDER",2.27930947575035e-06,0.000305492994931798,0.975796972559952,0.02389525513564
"SERAFINA",0.998163903923112,1.56735015763227e-09,1.75236744210758e-05,0.00181857083511655
"SETANTA",0.00284944390971534,0.00710978621201485,1.28888372782685e-05,0.990027881040991
"SHARPE'S_EXPRESS",1.81551208590686e-05,4.07337307307607e-06,0.999943717404527,3.40541015408259e-05
"SHELAGH",0.0475300017856193,0.00506489215392693,0.0245699017267686,0.922835204333685
"SHELFORD",0.983170456583663,4.31803950304528e-07,0.000796222767906839,0.0160328888444803
"SHEPODY",0.0161157603316593,8.95847754556332e-06,0.00377363479795548,0.98010164639284
"SLANEY",0.00018327977602009,0.00405112398435368,3.58387894660658e-07,0.995765237851731
"SPEY",0.000422558011694036,0.00256195763165815,3.07649384141168e-08,0.99701545359171
"SPUNTA",0.535544559419143,0.000137493609599752,0.0111493022611225,0.453168644710134
"STAMINA",5.27750348038922e-08,0.999400081543049,7.05283316014994e-10,0.000599864976632427
"STEMSTER",0.511665442208809,0.185803382651757,0.00983506176695221,0.292696113372483
"STORMONT_ENTERPRISE",0.413238761823905,0.00185614547587375,0.00416978320427074,0.580735309495951
"STIRLING",0.0100457976741333,0.000158835513753304,8.21122953605339e-06,0.989787155582577
"SYLVANA",0.78645639770911,7.36865193913012e-06,7.19266082305807e-05,0.21346430703072
"TAY",0.000142246356896616,0.369250478554655,9.05010599230164e-07,0.63060637007785
"TIMATE",0.999936167175412,1.12885032939982e-07,2.09706096941709e-07,6.35102334581721e-05
"TOLUCA",0.996908522655039,4.48006305408046e-10,8.47006269085518e-07,0.00309062989068591
"TORRIDON",0.724380952945644,1.00565587902685e-05,5.1641558722301e-05,0.275557348936844
"ULSTER_SCEPTRE",0.000541081192709719,0.101102875851888,0.00017010242940465,0.898185940525998
"UMATILLA_RUSSET",0.00853137953864719,0.599214123116697,0.37278286676407,0.0194716305805862
"VALES_EMERALD",0.409368927462495,0.00827615369259065,0.00217899560160953,0.580175923243305
"VALES_EVEREST",8.03264830910321e-05,0.00535587071257654,3.07896631416053e-05,0.994533013141191
"VALES_RUSSET",0.039354643025102,4.75485458346917e-05,0.331563413998284,0.629034394430779
"VALES_SOVEREIGN",2.06701658191165e-05,0.00263468346805198,9.72947031526293e-09,0.997344636636659
"VALOR",0.000191129272475139,0.0308016438282055,1.25186269760844e-08,0.969007214380692
"VAN_GOGH",0.999739199866453,4.42739206015464e-07,4.91115799211736e-06,0.000255446236348318
"VANTAGE",0.841685522728121,1.80262814102175e-05,0.11117090571504,0.0471255452754279
"VERDI",0.998742216468483,2.13599541933955e-06,0.000156068375581153,0.00109957916051703
"VICTORIA",0.991470482341997,4.11312256771108e-07,5.295538120805e-06,0.00852381080762568
"VIVALDI",0.990735289379052,5.72374324784373e-10,3.61345849077222e-07,0.00926434870272525
"WILJA",0.991884221408647,2.94027950034686e-06,0.000119929460882757,0.00799290885096972
"WINSTON",0.000422345525792974,0.293640100766492,1.36168918300692e-06,0.705936192018532
"XD2-21",0.000543336799312182,1.01995554094261e-05,0.00242589663113825,0.99702056701414
"YUKON_GOLD",0.229705804487397,0.00214137437621228,3.77600798441686e-05,0.768115061056547
"ZORBA",0.928335464877016,2.10978504274485e-06,0.000174124944363601,0.0714883003935778
