"ID","yield_kg","Max_Max_height_m","Max_Ave_height_m","Max_area_plant_m2","Max_volume_plant_m3"
"00C133-020",5.66749999995909,0.525000000002037,0.271550000009802,0.442200833374166,0.110239577124773
"01C_071-002",6.50333333329807,0.567500000002053,0.292175000009892,0.563270624874022,0.160624899374656
"02M_012-001",4.0241666666314,0.555000000002053,0.267725000009892,0.376424166624022,0.118855271749656
"03M_016-002",5.41083333329808,0.620000000002053,0.329912500009892,0.477862499874022,0.144593635874656
"03M_034-002",6.80249999996474,0.592500000002053,0.313787500009892,0.562392499874022,0.168197598749656
"04C_055-004",2.83499999996474,0.408750000002053,0.184900000009892,0.334131666624022,0.0594201781246557
"04C_126-005",6.0341666666314,0.706250000002053,0.375850000009892,0.539400833374022,0.186863661374656
"04M_034-013",4.54833333329807,0.540000000002053,0.314437500009892,0.407187083499022,0.119977803124656
"05M_002-001",5.11249999996474,0.521250000002053,0.266150000009892,0.435766666749022,0.117983719124656
"05M_004-003",6.13749999996474,0.623750000002053,0.328987500009892,0.515086041624022,0.165942768499656
"05M_012-004",5.31499999996474,0.606250000002053,0.316937500009892,0.492363750124022,0.147327716874656
"06C_127-002",4.18249999996474,0.636250000002053,0.371137500009892,0.493487499874022,0.176970680499656
"12288_AF_23",3.76583333329807,0.565000000002053,0.254100000009892,0.374118749999022,0.0937253059996557
"12601AB1",2.80916666663141,0.572500000002053,0.292437500009892,0.363549583249022,0.104110859874656
"12636_A_2",3.89333333329807,0.536250000002053,0.243750000009892,0.464829166624022,0.100010687874656
"15119_AC_5",4.31999999996474,0.416250000002053,0.196437500009892,0.354748333374022,0.0647135103746557
"1512C16",4.10166666663141,0.488750000002053,0.239937500009892,0.403905624874022,0.0792569522496557
"15144_A_3",5.14416666663141,0.580000000002053,0.309625000009892,0.531494166499022,0.159600229124656
"1563C14",4.29499999996474,0.556250000002053,0.266500000009892,0.445112499999022,0.106677178374656
"2182EF7",4.15333333329807,0.550000000002053,0.258312500009892,0.518111666749022,0.126461612124656
"3681AD1",5.04333333329807,0.551250000002053,0.288000000009892,0.495992916749022,0.128720653124656
"5008AB6",4.98083333329807,0.538750000002053,0.272825000009892,0.470243749874022,0.123574771999656
"8204_A_4",4.55916666663141,0.627500000002053,0.322637500009892,0.523701666499022,0.162117089124656
"AGRIA",5.60499999996474,0.671250000002053,0.361350000009892,0.496004166624022,0.161551738999656
"AILSA",5.32249999996474,0.491250000002053,0.245812500009892,0.480108749999022,0.101700013374656
"ALMERA",6.82083333329807,0.531250000002053,0.268712500009892,0.452801250124022,0.102631837249656
"ALPHA",3.98083333329807,0.590000000002053,0.306450000009892,0.576726249999022,0.153261151624656
"ALWARA",4.70583333329807,0.525000000002053,0.268737500009892,0.464660416499022,0.102014228624656
"AMADRA",4.7091666666314,0.543750000002053,0.296550000009892,0.395668333249022,0.0967788062496557
"AMOUR",5.7191666666314,0.498750000002053,0.282012500009892,0.434649999749022,0.111545617874656
"ANNA",5.94999999996474,0.556250000002053,0.294062500009892,0.538496874874022,0.146971398499656
"ANNABELLE",4.37833333329807,0.512500000002053,0.246737500009892,0.318894999999022,0.0630798662496557
"ANYA",2.6916666666314,0.498750000002053,0.223737500009892,0.360548124999022,0.0789386327496557
"ARGOS",6.69999999996474,0.677500000002053,0.374875000009892,0.520211250124022,0.184859094374656
"ARIELLE",4.58583333329807,0.532500000002053,0.245475000009892,0.376552916749022,0.0782905592496557
"ARKULA",4.62249999996474,0.531250000002053,0.278037500009892,0.453710416624022,0.114059516624656
"ARMADA",5.65499999996474,0.550000000002053,0.299175000009892,0.498231874874022,0.119187883124656
"AVALANCHE",5.1191666666314,0.572500000002053,0.270037500009892,0.403115416624022,0.100282048499656
"BAILLIE",4.49666666663141,0.463750000002053,0.264412500009892,0.428959583374022,0.0986227469996557
"BALMORAL",4.36499999996474,0.530000000002053,0.217775000009892,0.359047083374022,0.0753331602496557
"BAMBINO",5.1791666666314,0.512500000002053,0.282050000009892,0.453853333374022,0.113682599124656
"BARNA",4.7466666666314,0.617500000002053,0.353000000009892,0.552247499874022,0.185700411874656
"BELLE_DE_FONTENAY",2.16749999996474,0.466250000002053,0.193900000009892,0.366453750124022,0.0654726506246557
"BENOL",3.75333333329807,0.570000000002053,0.318687500009892,0.421139583249022,0.128079695499656
"BF_15",4.01916666663141,0.612500000002053,0.277600000009892,0.350412083249022,0.0789518574996557
"BINTJE",4.50416666663141,0.526250000002053,0.272137500009892,0.449524166749022,0.119606458624656
"BIONICA_EX_SASA",4.10666666663141,0.470000000002053,0.231937500009892,0.347421666624022,0.0757642762496557
"BLUE_DANUBE",4.54583333329807,0.665000000002053,0.364375000009892,0.514981666749022,0.174459039249656
"BONNIE",4.40583333329807,0.591250000002053,0.304825000009892,0.477402916874022,0.135932681499656
"BOUNTY",6.67166666663141,0.660000000002053,0.359550000009892,0.548910833249022,0.186697386374656
"BRITISH_QUEEN",4.14083333329807,0.497500000002053,0.254075000009892,0.413141666749022,0.101184298124656
"BRODICK",5.50333333329807,0.667500000002053,0.346975000009892,0.482951874874022,0.157496004124656
"BRODIE",4.90666666663141,0.613750000002053,0.273800000009892,0.413904166624022,0.0989614373746557
"BUCHAN",4.51249999996474,0.605000000002053,0.287237500009892,0.415152083374022,0.109179044749656
"BURREN",6.13749999996474,0.540000000002053,0.309250000009892,0.494451041624022,0.141333176999656
"CABARET",3.86666666663141,0.606250000002053,0.313387500009892,0.535933333374022,0.148470034499656
"CAESAR",5.47999999996474,0.646250000002053,0.340250000009892,0.462913749999022,0.148344813624656
"CARA",5.68749999996474,0.646250000002053,0.358487500009892,0.615618333499022,0.197030308874656
"CARLINGFORD",4.92416666663141,0.472500000002053,0.211887500009892,0.386433749999022,0.0756020294996557
"CASABLANCA",5.46249999996474,0.536250000002053,0.272187500009892,0.407601249999022,0.111359515499656
"CELINE",4.7141666666314,0.502500000002053,0.264525000009892,0.450273749999022,0.106216761624656
"CHALLENGER",5.15083333329807,0.615000000002053,0.334625000009892,0.457242499874022,0.137285886999656
"CHARLOTTE",4.93916666663141,0.542500000002053,0.304450000009892,0.395603333124022,0.112808951624656
"CHICAGO",4.04333333329808,0.647500000002053,0.353012500009892,0.460650833374022,0.156639529749656
"CHIEFTAIN",5.84083333329807,0.640000000002053,0.334950000009892,0.443097916624022,0.137082718624656
"CHOPIN",4.44999999996474,0.497500000002053,0.262475000009892,0.382747083499022,0.0944829863746557
"CLARET",6.58999999996474,0.590000000002053,0.303250000009892,0.459672916624022,0.122789320749656
"CORINE",4.34083333329807,0.678750000002053,0.350950000009892,0.471544583374022,0.158669425499656
"COSMOS",6.28999999996474,0.662500000002053,0.346775000009892,0.487020416624022,0.154570154749656
"COURAGE",5.19749999996474,0.540000000002053,0.296662500009892,0.441821249999022,0.120603015624656
"COURLAN",2.97666666663141,0.450000000002053,0.184112500009892,0.328614583499022,0.0572758757496557
"CRAIGS_ROYAL",3.92999999996474,0.563750000002053,0.231825000009892,0.303743750124022,0.0694621274996557
"CRAIGS_SNOW-WHITE",2.11916666663141,0.423750000002053,0.183375000009892,0.294263749999022,0.0530741931246557
"CRAMOND",5.75083333329807,0.597500000002053,0.304062500009892,0.539732083249022,0.156136934749656
"CRISPS_FOR_ALL",3.88749999996474,0.491250000002053,0.253025000009892,0.437440416624022,0.0896797716246557
"CROMWELL",4.44833333329807,0.577500000002053,0.318300000009892,0.457886041624022,0.124372831249656
"D22/1",3.42999999996474,0.547500000002053,0.244262500009892,0.450017083374022,0.0955384868746557
"D23/3",3.13499999996474,0.461250000002053,0.242675000009892,0.408150000124022,0.0908375756246557
"D47-11",3.3491666666314,0.596250000002053,0.292162500009892,0.465859583374022,0.126681701124656
"D49/1",3.89999999996474,0.628750000002053,0.303925000009892,0.385629999999022,0.114468957749656
"DAISY",4.0191666666314,0.526250000002053,0.264987500009892,0.409899166624022,0.0879706728746557
"DARK_RED_NORLAND",2.97333333329807,0.450000000002053,0.225825000009892,0.259737291874022,0.0499961201246557
"DARWINA",2.91333333329807,0.512500000002053,0.261412500009892,0.378470416749022,0.0930376814996557
"DESIREE",5.28333333329807,0.587500000002053,0.296575000009892,0.508787499999022,0.139873049124656
"DITTA",4.61333333329807,0.606250000002053,0.282375000009892,0.412487499874022,0.0932828984996557
"DR._MCINTOSH",4.92666666663141,0.488750000002053,0.274062500009892,0.463486041749022,0.108893854749656
"DRAGA",4.43583333329807,0.477500000002053,0.245062500009892,0.369512500124022,0.0820749074996557
"DUKE_OF_YORK",4.04499999996474,0.435000000002053,0.234975000009892,0.377937499999022,0.0802533413746557
"DUNBAR_STANDARD",5.21666666663141,0.691250000002053,0.386962500009892,0.517691249874022,0.168440941124656
"DUNDROD",3.9391666666314,0.397500000002053,0.182950000009892,0.313413749874022,0.0507627521246557
"ECLIPSE",4.80666666663141,0.540000000002053,0.307587500009892,0.392957916499022,0.106445400249656
"EDEN",4.12583333329807,0.600000000002053,0.332862500009892,0.435314166499022,0.145052155249656
"EDZELL_BLUE",4.97833333329807,0.578750000002053,0.312637500009892,0.438732499874022,0.107096468749656
"ELISABETH",5.26666666663141,0.578750000002053,0.279612500009892,0.485976249874022,0.120033536999656
"EMPEROR",3.5741666666314,0.445000000002053,0.218750000009892,0.337149999999022,0.0743945002496557
"EOS",6.82083333329808,0.661250000002053,0.346175000009892,0.532187083249022,0.178679685374656
"EPICURE",3.79249999996474,0.526250000002053,0.285537500009892,0.406629166749022,0.104838359499656
"ERNTESTOLZ",4.80833333329807,0.557500000002053,0.332437500009892,0.463586666749022,0.130226157249656
"ESCORT",6.30499999996474,0.571250000002053,0.315762500009892,0.523616250124022,0.131641381624656
"ESMERALDA",2.57666666663141,0.487500000002053,0.230112500009892,0.415743333374022,0.0919156577496557
"ESTIMA",5.63666666663141,0.592500000002053,0.280612500009892,0.389354999999022,0.0957505254996557
"EVE_BALFOUR",5.40249999996474,0.520000000002053,0.289475000009892,0.475524374999022,0.128391075249656
"EXCALIBUR",5.27749999996474,0.676250000002053,0.364450000009892,0.476445416624022,0.175613916249656
"EXQUISA",4.80916666663141,0.568750000002053,0.289837500009892,0.488521666749022,0.116823795999656
"FESTIVAL",3.05083333329807,0.418750000002053,0.187675000009892,0.259197916624022,0.0490988578746557
"FIANNA",3.80749999996474,0.466250000002053,0.241025000009892,0.315696666749022,0.0695996477496557
"FIFTYFOLD",3.13999999996474,0.527500000002053,0.299900000009892,0.310501249874022,0.0889753166246557
"FONTANE",4.62916666663141,0.580000000002053,0.281762500009892,0.426101666749022,0.105648287874656
"FORTYFOLD",4.53499999996474,0.511250000002053,0.236825000009892,0.399998333374022,0.0815751646246557
"FRONTIER_RUSSET",3.12583333329807,0.481250000002053,0.221725000009892,0.315020833249022,0.0684107683746557
"G.81071",4.01999999996474,0.530000000002053,0.263500000009892,0.434738750124022,0.105232804124656
"G.88661",4.18249999996474,0.567500000002053,0.269162500009892,0.378101666749022,0.0969537508746557
"G.886611",5.33583333329807,0.541250000002053,0.277312500009892,0.536073333499022,0.123322787874656
"G.8867Y%12",4.57083333329807,0.513750000002053,0.237250000009892,0.399647916499022,0.0877563557496557
"G.88839",2.35249999996474,0.552500000002053,0.277662500009892,0.349080416749022,0.0977574284996557
"G.88842",4.57166666663141,0.610000000002053,0.357912500009892,0.439718333374022,0.147641073999656
"GALACTICA",5.54333333329807,0.596250000002053,0.301962500009892,0.503893333249022,0.139687956999656
"GEMSON",4.81999999996474,0.553750000002053,0.279137500009892,0.450890833249022,0.109084342624656
"GL.76B/102",2.12083333329807,0.466250000002053,0.219887500009892,0.396609583374022,0.0905928333746557
"GL.76B/94",4.06999999996474,0.517500000002053,0.235250000009892,0.427067083249022,0.0897182178746557
"GL.77M/106",3.99749999996474,0.638750000002053,0.367537500009892,0.485725624999022,0.160792825249656
"GL.78/166",2.47583333329807,0.512500000002053,0.245837500009892,0.428087916624022,0.0909606796246557
"GL.78/53",3.21333333329807,0.472500000002053,0.246837500009892,0.338249583249022,0.0658441566246557
"GL.78/97",3.4766666666314,0.613750000002053,0.327787500009892,0.483719583499022,0.132048142374656
"GL.79/42",4.60749999996474,0.561250000002053,0.267675000009892,0.545575416749022,0.129959503499656
"GL.79/45",4.3191666666314,0.505000000002053,0.200512500009892,0.447975833249022,0.0815715641246557
"GL.81_NT_25",5.10999999996474,0.580000000002053,0.280937500009892,0.499818333249022,0.137933613124656
"GLADIATOR",5.31499999996474,0.647500000002053,0.373412500009892,0.546436249999022,0.201884916124656
"GLAMIS",5.59499999996474,0.616250000002053,0.356962500009892,0.509323749999022,0.163183529499656
"GOLDEN_MILLENNIUM",4.85083333329808,0.555000000002053,0.278587500009892,0.398711666874022,0.106282376124656
"GOLDEN_NUGGET",3.79249999996474,0.525000000002053,0.243487500009892,0.488489166749022,0.115304194874656
"GOLDEN_WONDER",3.74833333329807,0.735000000002053,0.365550000009892,0.520368750124022,0.182071001374656
"GRANOLA",6.33749999996474,0.615000000002053,0.337262500009892,0.505118749874022,0.163635338499656
"H1H3_101",3.23416666663141,0.568750000002053,0.314250000009892,0.397162500124022,0.116213211249656
"H1H3_3",6.06166666663141,0.507500000002053,0.257612500009892,0.459158333249022,0.0976307223746557
"HARBOROUGH_HARVEST",4.08499999996474,0.523750000002053,0.291275000009892,0.425431250124022,0.121377321124656
"HARLEQUIN",4.87749999996474,0.551250000002053,0.336150000009892,0.529062499999022,0.168017076874656
"HERMES",5.24083333329807,0.530000000002053,0.289450000009892,0.489075833374022,0.131438372749656
"HIGHLAND_BUR._RED",2.93749999996474,0.508750000002053,0.219662500009892,0.321078333249022,0.0658962731246557
"HOME_GUARD",3.91999999996474,0.476250000002053,0.233112500009892,0.368957083249022,0.0654029793746557
"HORIZON",6.10583333329807,0.668750000002053,0.340875000009892,0.565700416749022,0.183600279999656
"INNOVATOR",5.2191666666314,0.531250000002053,0.270862500009892,0.436535416624022,0.102817442749656
"INTERNATIONAL_KIDNEY",3.87833333329807,0.520000000002053,0.251500000009892,0.369658333249022,0.0769924613746557
"ISLE_OF_JURA",5.15666666663141,0.621250000002053,0.303600000009892,0.595574999874022,0.161320263374656
"JULIETTE",3.61833333329807,0.520000000002053,0.248025000009892,0.454241666749022,0.0943647921246556
"KARLENA",4.33333333329807,0.618750000002053,0.305950000009892,0.412447083249022,0.120961255249656
"KERRS_PINK",5.8441666666314,0.730000000002053,0.418700000009892,0.588587499999022,0.228395904499656
"KESTREL",4.55782689521474,0.532500000002053,0.262087500009892,0.347483333499022,0.0913661703746557
"KIFLI",4.7591666666314,0.608750000002053,0.340525000009892,0.538820624874022,0.182063426624656
"KING_EDWARD",4.46749999996474,0.616250000002053,0.284175000009892,0.452648749874022,0.111456216124656
"KINGSTON",5.01749999996474,0.628750000002053,0.346850000009892,0.450829166624022,0.151446339124656
"KUFRI_CHANDRAMUKHI",4.68333333329807,0.552500000002053,0.312000000009892,0.556107916749022,0.168131281874656
"KUFRI_JYOTI",5.60583333329807,0.596250000002053,0.342375000009892,0.508144166624022,0.160966943374656
"KURODA",6.44583333329807,0.691250000002053,0.357612500009892,0.528649583374022,0.166872690124656
"LADY_BALFOUR",6.8841666666314,0.605000000002053,0.338900000009892,0.549882499999022,0.157941197374656
"LADY_CHRISTL",5.60083333329807,0.500000000002053,0.278437500009892,0.425993333499022,0.100369986124656
"LADY_CLAIRE",4.58749999996474,0.518750000002053,0.284350000009892,0.444114166624022,0.116184833624656
"LADY_JO",4.77083333329807,0.602500000002053,0.300800000009892,0.475712500249022,0.113185986874656
"LADY_ROSETTA",4.51999999996474,0.516250000002053,0.290375000009892,0.483121249999022,0.126807936999656
"LIBERTAS",3.04249999996474,0.668750000002053,0.304725000009892,0.492029583374022,0.138961073749656
"LINDA",5.42833333329807,0.571250000002053,0.261912500009892,0.474846666624022,0.121826935749656
"LINTON",5.29583333329807,0.523750000002053,0.267787500009892,0.441083333374022,0.107172853624656
"LINZER_DELIKATESS",4.62999999996474,0.505000000002053,0.240675000009892,0.401139583249022,0.0962178517496557
"LIONHEART",5.05499999996474,0.708750000002053,0.400237500009892,0.544651041499022,0.205972443249656
"MADELEINE",5.82166666663141,0.477500000002053,0.243225000009892,0.421330833249022,0.102775672249656
"MADINGLEY",3.85333333329807,0.478750000002053,0.240350000009892,0.441712499999022,0.0926227882496557
"MAJESTIC",5.26583333329807,0.558750000002053,0.297237500009892,0.465352916624022,0.121872033999656
"MARABEL",5.34166666663141,0.452500000002053,0.236075000009892,0.503602499874022,0.112711125874656
"MARFONA",6.66083333329807,0.540000000002053,0.284262500009892,0.456709583249022,0.126832976999656
"MARILYN",5.34499999996474,0.505000000002053,0.267075000009892,0.404123333374022,0.0939510144996556
"MARIS_ANCHOR",4.98083333329807,0.511250000002053,0.263062500009892,0.476093333374022,0.114100097874656
"MARIS_BARD",4.3766666666314,0.581250000002053,0.296512500009892,0.356226666749022,0.0877833839996557
"MARIS_PEER",3.85916666663141,0.498750000002053,0.250287500009892,0.452590833249022,0.0942715198746557
"MARIS_PIPER",5.32833333329807,0.601250000002053,0.321250000009892,0.504524166624022,0.141997146874656
"MARKIES",5.33999999996474,0.720000000002053,0.418937500009892,0.565906249874022,0.234200651249656
"MAXINE",4.53833333329807,0.552500000002053,0.260925000009892,0.390377708249022,0.0877256732496557
"MEGARA",4.40333333329807,0.512500000002053,0.274162500009892,0.485252499999022,0.134038735124656
"MELODY",4.56749999996474,0.637500000002053,0.316737500009892,0.482756666624022,0.145105729999656
"MIDAS",4.94166666663141,0.646250000002053,0.386950000009892,0.405459583374022,0.153162839999656
"MILVA",6.65833333329807,0.590000000002053,0.288112500009892,0.492733749999022,0.139231258249656
"MIMI",1.90416666663141,0.337500000002053,0.130462500009892,0.236828333499022,0.0308316591246557
"MIRA",3.92249999996474,0.525000000002053,0.267687500009892,0.459594166624022,0.106647209624656
"MOIRA",4.56416666663141,0.526250000002053,0.242787500009892,0.408970833374022,0.0868281654996557
"MONTROSE",4.96833333329807,0.676250000002053,0.361275000009892,0.517118749999022,0.168571420749656
"MORAG",3.96833333329807,0.462500000002053,0.227537500009892,0.359703333374022,0.0786720721246557
"MORENE",4.6466666666314,0.636250000002053,0.320150000009892,0.630774999999022,0.176892940749656
"MOZART",5.51583333329807,0.588750000002053,0.289525000009892,0.465834999874022,0.129574130624656
"MYATTS_ASHLEAF",3.19166666663141,0.493750000002053,0.195850000009892,0.306618749874022,0.0538201063746557
"NADINE",4.4366666666314,0.490000000002053,0.264225000009892,0.351402083374022,0.0806336934996557
"NAVAN",5.15749999996474,0.593750000002053,0.301325000009892,0.476082499874022,0.127772509999656
"NDTX_4271_5-R",4.43499999996474,0.547500000002053,0.238250000009892,0.386630624999022,0.100731697874656
"NICOLA",6.06333333329807,0.596250000002053,0.323325000009892,0.477009166624022,0.137410959749656
"NOVELLA",3.54166666663141,0.497500000002053,0.237787500009892,0.318901666749022,0.0721933009996557
"OLYMPUS",3.83499999996474,0.600000000002053,0.324337500009892,0.415278750124022,0.122050404874656
"OPERA",5.0266666666314,0.665000000002053,0.341737500009892,0.495073749999022,0.136855177499656
"ORCHESTRA",4.76333333329807,0.521250000002053,0.257525000009892,0.453685833124022,0.0970567217496557
"ORIANA",4.0791666666314,0.561250000002053,0.302337500009892,0.480285833374022,0.127519285999656
"OTHELLO",6.59499999996474,0.443750000002053,0.227150000009892,0.464253749999022,0.0861111832496557
"PALADIN",4.6341666666314,0.563750000002053,0.306775000009892,0.408860416749022,0.107473618749656
"PANDA",4.64666666663141,0.653750000002053,0.362075000009892,0.635894166624022,0.222815340999656
"PARAMOUNT",6.03083333329807,0.543750000002053,0.256287500009892,0.564222083374022,0.139273443624656
"PATRONES",5.23083333329807,0.593750000002053,0.297537500009892,0.479483333249022,0.136064123874656
"PENTLAND_ACE",4.61083333329807,0.590000000002053,0.307025000009892,0.494388333249022,0.121362643999656
"PENTLAND_BEAUTY",4.05333333329807,0.547500000002053,0.273662500009892,0.351107500249022,0.0834687879996557
"PENTLAND_CROWN",5.04249999996474,0.563750000002053,0.289837500009892,0.442105833249022,0.124381336499656
"PENTLAND_DELL",3.7466666666314,0.488750000002053,0.244087500009892,0.375707500124022,0.0787583677496557
"PENTLAND_IVORY",4.0466666666314,0.556250000002053,0.267000000009892,0.510153958249022,0.111193850249656
"PENTLAND_JAVELIN",4.2291666666314,0.470000000002053,0.271275000009892,0.383312499999022,0.110863394999656
"PENTLAND_MARBLE",2.54333333329807,0.411250000002053,0.226700000009892,0.304598333374022,0.0577587542496557
"PENTLAND_SQUIRE",4.57166666663141,0.561250000002053,0.261925000009892,0.384256250124022,0.0997958954996557
"PEPO_1978",5.08499999996474,0.590000000002053,0.344850000009892,0.472120416624022,0.139215634374656
"PICASSO",7.10083333329808,0.625000000002053,0.336400000009892,0.523946666749022,0.157894387874656
"PIMPERNEL",4.98916666663141,0.576250000002053,0.369250000009892,0.613257499874022,0.224610334374656
"PIONEER",3.62083333329807,0.530000000002053,0.228800000009892,0.404331249999022,0.0855743734996557
"PIXIE",4.77666666663141,0.500000000002053,0.253575000009892,0.478518749999022,0.111753243124656
"PREMIERE",4.46166666663141,0.526250000002053,0.228437500009892,0.401064166874022,0.0828882247496557
"PRODUCENT",5.55666666663141,0.627500000002053,0.340487500009892,0.538032499999022,0.174014846124656
"PROVOST",4.45083333329807,0.566250000002053,0.255400000009892,0.420747499999022,0.101295727874656
"R.P.LUSTRE",3.20416666663141,0.541250000002053,0.260525000009892,0.311949999999022,0.0608145442496557
"RANGER_RUSSET",3.56749999996474,0.485000000002053,0.217850000009892,0.360386249999022,0.0801494814996557
"RATTE",3.7566666666314,0.476250000002053,0.241137500009892,0.484431666749022,0.117450777374656
"RECORD",2.2466666666314,0.500000000002053,0.235225000009892,0.344884583249022,0.0902460891246557
"REMBRANDT",4.80249999996474,0.516250000002053,0.271725000009892,0.428102499999022,0.0995112319996557
"RIO_ROJO",3.81583333329807,0.442500000002053,0.209687500009892,0.299554166749022,0.0621526178746557
"ROBIJN",4.76583333329807,0.781250000002053,0.423025000009892,0.613512083499022,0.235494757749656
"ROCKET",5.98749999996474,0.506250000002053,0.252337500009892,0.411037083249022,0.0923100872496557
"RODE_STAR",4.1941666666314,0.685000000002053,0.396462500009892,0.676067916749022,0.257141986749656
"ROMANO",4.76916666663141,0.557500000002053,0.271737500009892,0.448347916749022,0.113785035749656
"ROMEO",4.85249999996474,0.733750000002053,0.413025000009892,0.616375416749022,0.246018721624656
"ROOSTER",5.98499999996474,0.755000000002053,0.409037500009892,0.574221666624022,0.216165702374656
"ROYAL",5.99416666663141,0.641250000002053,0.367887500009892,0.539681666749022,0.186364490249656
"ROYAL_KIDNEY",5.2691666666314,0.545000000002053,0.287987500009892,0.515152499999022,0.133603263624656
"RUBESSE",5.17833333329807,0.606250000002053,0.291787500009892,0.483783749999022,0.133073329749656
"RUSSET_BURBANK",4.65833333329807,0.580000000002053,0.311037500009892,0.438997916749022,0.130002870249656
"RUSSET_NORKOTAH",3.51166666663141,0.396250000002053,0.196787500009892,0.340570833249022,0.0666789508746557
"SAFARI",4.7016666666314,0.565000000002053,0.310337500009892,0.426192083249022,0.107124213249656
"SANTANA",5.37083333329807,0.532500000002053,0.281250000009892,0.388117083374022,0.105504823999656
"SANTE",6.7341666666314,0.553750000002053,0.301050000009892,0.575772916499022,0.163114351624656
"SAPHIRE",6.35583333329807,0.618750000002053,0.333437500009892,0.614527708249022,0.184669164249656
"SARPO_MIRA",5.56499999996474,0.627500000002053,0.383237500009892,0.607841250124022,0.222687628999656
"SARPO_SHONA",4.40499999996474,0.526250000002053,0.327212500009892,0.503032083249022,0.159883426374656
"SASSY",3.98666666663141,0.502500000002053,0.282100000009892,0.425053333374022,0.107410691249656
"SATURNA",4.59249999996474,0.561250000002053,0.299175000009892,0.446409999874022,0.118114689999656
"SAVA",4.34583333329807,0.490000000002053,0.240400000009892,0.421350416499022,0.0892798707496557
"SAXON",4.95833333329807,0.511250000002053,0.236437500009892,0.372749166749022,0.0774848409996557
"SCARBOROUGH",4.78833333329807,0.556250000002053,0.323537500009892,0.495713333249022,0.161158716124656
"SEFTON_WONDER",5.33916666663141,0.613750000002053,0.308112500009892,0.440628749999022,0.120512835624656
"SERAFINA",3.96666666663141,0.441250000002053,0.201725000009892,0.407505833374022,0.0758530417496557
"SETANTA",5.86583333329807,0.737500000002053,0.400787500009892,0.565241666624022,0.213182367374656
"SHARPES_EXPRESS",4.12083333329807,0.532500000002053,0.264687500009892,0.391964583499022,0.0954777891246557
"SHELAGH",6.50249999996474,0.611250000002053,0.300050000009892,0.513564583374022,0.146666251124656
"SHELFORD",4.8316666666314,0.560000000002053,0.346750000009892,0.471279166374022,0.159862496999656
"SHEPODY",5.45083333329807,0.552500000002053,0.299037500009892,0.449058750124022,0.109975557249656
"SLANEY",7.2016666666314,0.708750000002053,0.415600000009892,0.567265416499023,0.226779414374656
"SPEY",5.70083333329807,0.593750000002053,0.326550000009892,0.537904166624022,0.165498285374656
"SPUNTA",6.14749999996474,0.527500000002053,0.236650000009892,0.532438333249022,0.120172098999656
"STAMINA",5.57499999996474,0.555000000002053,0.279600000009892,0.494291874999022,0.136504337749656
"STEMSTER",6.4991666666314,0.598750000002053,0.338312500009892,0.491555833249022,0.160485849749656
"STIRLING",5.0191666666314,0.482500000002053,0.253862500009892,0.415929166624022,0.0920917374996557
"STORMONT_ENTERPRISE",6.31666666663141,0.538750000002053,0.283312500009892,0.520848749999022,0.123413877499656
"SYLVANA",5.22833333329807,0.573750000002053,0.282737500009892,0.491482708249022,0.122659989999656
"TAY",4.26749999996474,0.580000000002053,0.284600000009892,0.386266666624022,0.104924772999656
"TIMATE",6.07999999996473,0.670000000002053,0.370825000009892,0.510603749874022,0.159782095874656
"TOLUCA",4.59249999996474,0.525000000002053,0.284200000009892,0.419740624874022,0.111628053999656
"TORRIDON",5.33583333329807,0.642500000002053,0.333212500009892,0.531804791499022,0.160028680624656
"ULSTER_SCEPTRE",4.35499999996474,0.488750000002053,0.232587500009892,0.452703333249022,0.0985416197496557
"UMATILLA_RUSSET",7.30749999996474,0.683750000002053,0.382075000009892,0.556160416749022,0.203004588499656
"VALES_EMERALD",4.06333333329807,0.472500000002053,0.239637500009892,0.492170833374022,0.107891462999656
"VALES_EVEREST",5.82333333329808,0.565000000002053,0.298675000009892,0.447055416749022,0.122660568874656
"VALES_RUSSET",5.27749999996474,0.538750000002053,0.291312500009892,0.402184583499022,0.112635112124656
"VALES_SOVEREIGN",5.47583333329807,0.630000000002053,0.329062500009892,0.594356041749022,0.179878748999656
"VALOR",5.63499999996474,0.527500000002053,0.277475000009892,0.451649166624022,0.110279170624656
"VAN_GOGH",5.29416666663141,0.677500000002053,0.361737500009892,0.494832499874022,0.171002427749656
"VANTAGE",4.44166666663141,0.711250000002054,0.412562500009892,0.492449583374022,0.184613046999656
"VERDI",4.19833333329807,0.567500000002053,0.257912500009892,0.552442083374022,0.133610978874656
"VICTORIA",4.78583333329807,0.661250000002053,0.339412500009892,0.443141666624022,0.131324232749656
"VIVALDI",5.17499999996474,0.538750000002053,0.286337500009892,0.377233333374022,0.101494809249656
"WILJA",4.7366666666314,0.503750000002053,0.261250000009892,0.447770416499022,0.109119462124656
"WINSTON",5.15749999996474,0.540000000002053,0.251900000009892,0.341509999999022,0.0722291206246557
"XD2-21",5.05583333329807,0.680000000002053,0.379712500009892,0.491093333374022,0.160592076374656
"YUKON_GOLD",3.90749999996474,0.571250000002053,0.290450000009892,0.328838749999022,0.0865831182496557
"ZORBA",4.27583333329807,0.528750000002053,0.243775000009892,0.361118125124022,0.0855851673746557
