"ID","yield_kg","Max_Max_height_m","Max_Ave_height_m","Max_area_plant_m2","Max_volume_plant_m3","DAPC_cluster_1","DAPC_cluster_2","DAPC_cluster_3","DAPC_cluster_4","STRUCTURE_K1","STRUCTURE_K2","STRUCTURE_K3","PC1","PC2","PC3","PC4","PC5"
"00C133-020",5.66750000001786,0.52499999999703,0.271550000008648,0.44220083337349,0.110239577123502,6.75810327317092e-06,0.9224836142898,2.55040493455704e-07,0.0775093725664335,0.7428,0.1829,0.0743,6.76442760494311,1.37794580466716,0.445903052013854,-1.01904394366324,-0.557379854297777
"01C_071-002",6.50333333335219,0.567499999997001,0.292175000008685,0.563270624873636,0.160624899373447,0.498372818242978,0.00458120324724432,0.0016416632794705,0.495404315230307,0.3217,0.4388,0.2395,0.241684931169411,0.324794033968003,0.327850538094872,-1.88949162980934,-0.0857596582743241
"02M_012-001",4.02416666668552,0.554999999997001,0.267725000008685,0.376424166623637,0.118855271748447,7.6963984623922e-07,0.999960397797354,1.68535252347116e-06,3.71472102766411e-05,0.6201,0.0939,0.286,4.69423791766236,-1.6589192594569,2.84628524047973,1.15079126236473,-0.320133934956786
"03M_016-002",5.41083333335219,0.619999999997001,0.329912500008685,0.477862499873636,0.144593635873447,9.83071333368991e-06,0.674493351606996,0.320866383877343,0.00463043380232701,0.3953,0.0641,0.5406,1.64775941105958,-4.44023806680024,-0.654941550159142,1.64634009116699,0.839229345541894
"03M_034-002",6.80250000001886,0.592499999997001,0.313787500008685,0.562392499873636,0.168197598748447,1.67794939650902e-05,0.99002594869886,4.66271836334543e-05,0.00991064462354111,0.6352,0.0834,0.2814,4.03076488342075,-0.951978073762437,0.59588022384833,-1.8113087617513,-1.64968469277362
"04C_055-004",2.83500000001886,0.408749999997001,0.184900000008685,0.334131666623636,0.0594201781234466,0.000911287261620558,0.995904896728929,1.54281126891793e-05,0.00316838789676127,0.515,0.2928,0.1922,2.52463446956207,-0.496027974928631,3.31056598196599,1.20585480848088,0.0541869934997764
"04C_126-005",6.03416666668552,0.706249999997001,0.375850000008685,0.539400833373637,0.186863661373447,0.00205683560829182,0.0332275254530529,2.90925246506116e-05,0.964686546414005,0.5288,0.3235,0.1477,2.81965149802675,1.05855026510014,0.13916486538059,-2.47720969070736,-1.75316947707861
"04M_034-013",4.54833333335219,0.539999999997001,0.314437500008685,0.407187083498636,0.119977803123447,4.25917974953455e-05,0.997447320666845,0.000743850979113559,0.00176623655654586,0.4848,0.1312,0.384,2.43636946162431,-2.36460499063868,1.20331169455589,1.87777370839511,1.48998314284617
"05M_002-001",5.11250000001886,0.521249999997001,0.266150000008685,0.435766666748637,0.117983719123447,0.973251145625715,7.95069481158877e-05,0.000191066572369159,0.0264782808537996,0.2164,0.5403,0.2433,-1.39017043138099,0.203862535915236,0.855601252546629,1.00025323555491,1.21294210316767
"05M_004-003",6.13750000001886,0.623749999997001,0.328987500008685,0.515086041623636,0.165942768498447,0.856889305531622,0.000322782463914128,4.08878362218073e-07,0.142787503126102,0.3663,0.5697,0.0641,0.619555416089251,2.5973770653139,1.53276922824543,-0.337002924978359,2.18875393689515
"05M_012-004",5.31500000001886,0.606249999997001,0.316937500008685,0.492363750123636,0.147327716873447,0.0280361712559469,0.000593219296279547,1.71340234980006e-05,0.971353475424276,0.4039,0.4564,0.1397,1.73736323958517,1.18241228086812,-0.931331578749732,-0.325913620389347,1.60456164459245
"06C_127-002",4.18250000001886,0.636249999997001,0.371137500008685,0.493487499873636,0.176970680498447,0.00407081979581319,0.0206871588588462,0.000199578411904536,0.975042442933436,0.5102,0.3666,0.1232,2.98797479612005,1.72048183763316,0.675127808067269,3.8495443978163,-3.1766941226063
"12288_AF_23",3.76583333335219,0.564999999997001,0.254100000008685,0.374118749998636,0.0937253059984466,0.000844222928985781,0.544043563308689,6.45286649421424e-06,0.455105760895831,0.6234,0.3041,0.0726,4.08123559753096,0.753682645593901,1.50853407678256,0.349314132579664,0.385005635160336
"12601AB1",2.80916666668552,0.572499999997001,0.292437500008685,0.363549583248637,0.104110859873447,3.7027516174491e-06,0.918290724734287,0.0800694671106079,0.00163610540348738,0.4547,0.0117,0.5336,3.68681824402298,-3.85218726378111,1.11106005474789,0.790163492665543,-2.78801895897103
"12636_A_2",3.89333333335219,0.536249999997001,0.243750000008685,0.464829166623637,0.100010687873447,1.83267098343533e-06,0.971925463895285,0.00027804263326092,0.02779466080047,0.6479,0.0533,0.2987,4.45976358862149,-1.91454404311162,-0.602833503501353,1.88617241648901,-0.484246436768397
"15119_AC_5",4.32000000001886,0.416249999997001,0.196437500008685,0.354748333373636,0.0647135103734466,6.22965762674859e-05,0.0391173948752513,0.000381605341233743,0.960438703207247,0.5763,0.15,0.2738,4.29400094826931,-0.493820784712737,-1.9336568309791,-5.83845214958775,-0.927150914275443
"1512C16",4.10166666668552,0.488749999997001,0.239937500008685,0.403905624873637,0.0792569522484466,0.0118046161004913,2.05562978257518e-06,0.0231937818927883,0.964999546376938,0.2148,0.4419,0.3433,-1.13838259233722,-1.29657703482006,-3.60136237756405,0.736681894677895,-0.722417169522947
"15144_A_3",5.14416666668552,0.579999999997001,0.309625000008685,0.531494166498637,0.159600229123447,0.00179878739633393,1.8873776123271e-08,1.3438811341893e-06,0.998199849848756,0.3922,0.5714,0.0364,1.4850646396418,4.2709470620458,-2.10368676382961,-3.854030748164,-4.9278170480804
"1563C14",4.29500000001886,0.556249999997001,0.266500000008685,0.445112499998637,0.106677178373447,0.129067784529721,1.4882379862033e-06,0.868618606268013,0.00231212096428019,0.0541,0.4167,0.5292,-3.78042888546137,-3.35806449445203,0.0368784273315447,-0.541828363400052,-2.30144341597086
"2182EF7",4.15333333335219,0.549999999997001,0.258312500008685,0.518111666748637,0.126461612123447,0.000499188136735857,5.0617291596352e-06,8.40874909023252e-06,0.999487341385014,0.401,0.4746,0.1245,1.57860450482323,2.24508900878794,-3.1556636303889,-1.03214475530005,-1.29202548583499
"3681AD1",5.04333333335219,0.551249999997001,0.288000000008685,0.495992916748636,0.128720653123447,0.751702296924889,7.40365036925773e-06,6.2483698303255e-06,0.248284051054912,0.2704,0.6014,0.1282,-1.53333903438405,2.07023457658318,-0.517293413296889,-1.91099578029851,2.54635795125741
"5008AB6",4.98083333335219,0.538749999997001,0.272825000008685,0.470243749873636,0.123574771998447,0.788244997044313,2.6068802520634e-06,0.000104748424668392,0.211647647650766,0.2519,0.5956,0.1525,-1.17276416633107,2.30030863902429,-0.52016396495464,-1.82581226737025,-2.50179003854592
"8204_A_4",4.55916666668552,0.627499999997001,0.322637500008685,0.523701666498637,0.162117089123447,0.000778191285169486,2.65672965512167e-05,1.86691281096753e-06,0.999193374505468,0.4795,0.4616,0.0589,2.49674950908022,3.30214352175701,-2.30135603847482,-0.25038132684347,-2.31026042949278
"AGRIA",5.60500000001886,0.671249999997001,0.361350000008685,0.496004166623636,0.161551738998447,0.999981574845578,4.34724339372689e-08,7.6952712307842e-08,1.83047292759263e-05,0.0943,0.7243,0.1814,-3.68399626462665,1.74514013851657,3.79871239552118,2.95019452502212,2.06272681226367
"AILSA",5.32250000001886,0.491249999997001,0.245812500008685,0.480108749998637,0.101700013373447,5.27732684624355e-07,0.999831312926115,4.04953476897524e-06,0.000164109806431028,0.6309,0.113,0.256,4.98628235729524,-1.48706378760308,2.16527199684469,3.17773234400856,-1.01397283729627
"ALMERA",6.82083333335219,0.531249999997001,0.268712500008685,0.452801250123636,0.102631837248447,0.998447631838624,3.12905801393367e-07,1.04737725068255e-06,0.00155100787832385,0.1495,0.6895,0.161,-3.14816929971595,1.75186259784641,0.873080457866325,0.367196438021636,2.15546921319581
"ALPHA",3.98083333335219,0.589999999997001,0.306450000008685,0.576726249998637,0.153261151623447,0.994561152489591,9.68130388709128e-07,0.000823681972644418,0.00461419740737515,0.1142,0.5481,0.3377,-3.28271862979236,-0.470086103446482,0.322223975379837,-1.62721392413615,1.25851198290443
"ALWARA",4.70583333335219,0.524999999997001,0.268737500008685,0.464660416498637,0.102014228623447,0.935311746383848,1.47575307486109e-07,1.00216326330608e-05,0.0646780844082119,0.2101,0.6867,0.1032,-1.70438203215559,2.47958826633453,-0.181874882959453,-2.80523255917912,-1.58704178826776
"AMADRA",4.70916666668552,0.543749999997001,0.296550000008685,0.395668333248637,0.0967788062484466,0.991027494758007,0.00054716313886277,0.000269302181848868,0.00815603992128115,0.2519,0.4905,0.2576,-1.665487544217,-0.258711424725741,2.46345475548996,0.550159574261675,0.380434294753103
"AMOUR",5.71916666668552,0.498749999997001,0.282012500008685,0.434649999748636,0.111545617873447,0.000214974299122797,0.180055049335305,7.93715260726116e-06,0.819722039212965,0.6866,0.2325,0.0809,4.48081953511963,1.55454795710981,-0.478663068037744,-2.07956541418284,-1.34266899765616
"ANNA",5.95000000001886,0.556249999997001,0.294062500008685,0.538496874873637,0.146971398498447,4.09027531304609e-05,1.73308870324093e-06,5.84800242446918e-06,0.999951516155742,0.4887,0.376,0.1353,3.0805201068282,2.45293182711004,-4.08273102931884,-5.16662239822005,-2.82252226440941
"ANNABELLE",4.37833333335219,0.512499999997001,0.246737500008685,0.318894999998637,0.0630798662484466,0.999947155195904,1.22424661252088e-10,4.42148526772088e-08,5.28004668185617e-05,0.0573,0.803,0.1398,-3.45018828300408,2.48385860759922,2.29496576950823,0.0525919437378783,-1.09579480517609
"ANYA",2.69166666668552,0.498749999997001,0.223737500008685,0.360548124998637,0.0789386327484466,0.935148257707165,8.73130254199582e-07,0.00425950729076885,0.0605913618718119,0.1588,0.573,0.2682,-2.27166609783301,0.268389113071324,0.412532190869741,1.87698512363479,-4.19080963646756
"ARGOS",6.70000000001886,0.677499999997001,0.374875000008685,0.520211250123636,0.184859094373447,0.000575055228907699,0.000842235361160005,4.23492434011629e-07,0.998582285917498,0.5686,0.4097,0.0217,3.49136960916522,2.19637249729487,-1.19559354914715,-4.311025021207,-0.176819793006381
"ARIELLE",4.58583333335219,0.532499999997001,0.245475000008685,0.376552916748637,0.0782905592484466,0.998150924317112,1.47609043049484e-08,7.07287583915896e-06,0.00184198804614459,0.1016,0.6909,0.2076,-3.38207909037236,1.62886526530576,0.672271930079071,-0.105669322547313,-0.508996658403418
"ARKULA",4.62250000001886,0.531249999997001,0.278037500008685,0.453710416623636,0.114059516623447,0.996112098788461,1.12838698055556e-08,1.17737113394611e-05,0.00387611621633006,0.1082,0.6775,0.2143,-3.02023892853243,1.06108327869187,-0.214834883804401,-0.796906159132387,1.62155108418259
"ARMADA",5.65500000001886,0.549999999997001,0.299175000008685,0.498231874873636,0.119187883123447,0.970680228063927,2.08619990870365e-05,9.01266398093336e-05,0.0292087832971773,0.2008,0.5676,0.2316,-1.8123211535827,0.688744429977586,0.161260134432474,-1.2488689609184,1.33587719468157
"AVALANCHE",5.11916666668552,0.572499999997001,0.270037500008685,0.403115416623636,0.100282048498447,0.00111926138563512,0.986219875254871,8.07883300728127e-07,0.0126600554761931,0.5287,0.3037,0.1676,3.0708729964045,0.277724215393935,1.13009870364834,-0.252427511978378,4.67096936499504
"BAILLIE",4.49666666668552,0.463749999997001,0.264412500008685,0.428959583373636,0.0986227469984466,0.000341660697477803,0.980231719430437,9.74088501599085e-07,0.0194256457835843,0.5948,0.2883,0.1169,3.18568975686489,-0.0993369932736982,1.6219094345565,-0.180731390354427,1.61200638272291
"BALMORAL",4.36500000001886,0.529999999997001,0.217775000008685,0.359047083373637,0.0753331602484466,0.00338814660004647,1.14527272998185e-06,6.07528868669822e-07,0.996610100598355,0.3839,0.5454,0.0707,1.00032300027597,3.21653055166103,-3.30994098630416,-3.1507324088756,1.32239365190698
"BAMBINO",5.17916666668552,0.512499999997001,0.282050000008685,0.453853333373637,0.113682599123447,3.59859462525432e-05,0.97578554556867,1.78263149058646e-07,0.0241782902219284,0.6706,0.2329,0.0965,5.16105440406004,1.20496338969129,1.47166969727765,-0.592383379683707,0.155223898092842
"BARNA",4.74666666668552,0.617499999997001,0.353000000008685,0.552247499873637,0.185700411873447,0.0125827003232765,9.82072719536554e-07,3.52614375022841e-06,0.987412791460254,0.3829,0.5395,0.0776,0.988947611999924,4.03742593498167,-2.26035957892274,-2.13927629673611,-3.22987307616331
"BELLE_DE_FONTENAY",2.16750000001886,0.466249999997001,0.193900000008685,0.366453750123637,0.0654726506234466,5.27730666301412e-09,1.1504693534444e-10,0.999999893463642,1.01144004409685e-07,0.0096,0.0767,0.9137,-2.95794717678953,-8.16659908267543,-2.74565886277667,-2.00496342453641,-3.90918582106372
"BENOL",3.75333333335219,0.569999999997001,0.318687500008685,0.421139583248636,0.128079695498447,5.6379568641944e-07,0.999978984597844,7.39584843447616e-07,1.97120216256293e-05,0.6246,0.0766,0.2988,4.38719873985521,-2.22270437162684,2.7029706410485,1.18664004839585,0.26041703863746
"BF_15",4.01916666668552,0.612499999997001,0.277600000008685,0.350412083248636,0.0789518574984466,5.78552680976347e-05,6.89409007018783e-09,0.999930089456743,1.20483810697115e-05,0.0087,0.2324,0.759,-3.59716021729491,-6.40294244325952,-0.378568771603359,-2.0549243994017,-3.63309708162784
"BINTJE",4.50416666668552,0.526249999997001,0.272137500008685,0.449524166748636,0.119606458623447,0.330447591705771,0.000531571233803905,0.230661352161126,0.438359484899299,0.153,0.4038,0.4431,-1.78404205561513,-2.0760007044297,-0.406694531042423,-0.0747764837176676,0.483731074485453
"BIONICA_EX_SASA",4.10666666668553,0.469999999997001,0.231937500008685,0.347421666623636,0.0757642762484466,0.576304195638804,0.000318044925733427,0.000479109044996308,0.422898650390466,0.2857,0.5014,0.2129,-0.4208281973092,1.46183646281278,-0.161040327794854,0.111451330275922,0.874060872300903
"BLUE_DANUBE",4.54583333335219,0.664999999997001,0.364375000008685,0.514981666748636,0.174459039248447,0.996898629258085,4.41487778205186e-07,9.5337503491804e-06,0.00309139550378761,0.1265,0.6261,0.2474,-3.03149635596462,-0.0479451844567648,0.824658772078251,-2.75923901452787,2.49820439812779
"BONNIE",4.40583333335219,0.591249999997001,0.304825000008685,0.477402916873637,0.135932681498447,0.0904938213507812,0.00324159376253981,2.03998918711911e-05,0.906244184994808,0.4361,0.4639,0.1,2.43281636281677,1.82362378933763,0.503022846388693,-0.652839753051015,-0.429529524834307
"BOUNTY",6.67166666668552,0.659999999997001,0.359550000008685,0.548910833248637,0.186697386373447,0.000117846485608563,0.9209789012953,7.13854146653021e-07,0.0789025383649449,0.6472,0.2683,0.0845,4.73987921680278,1.38242086152971,0.881596832293094,-0.235428879263207,1.67360311123794
"BRITISH_QUEEN",4.14083333335219,0.497499999997001,0.254075000008685,0.413141666748637,0.101184298123447,0.00430767658410119,5.21622687253766e-05,0.860879703116496,0.134760458030677,0.1243,0.3314,0.5443,-1.9785634516291,-4.44417197183367,-3.23598624041332,-0.204541067544126,1.86458976522923
"BRODICK",5.50333333335219,0.667499999997001,0.346975000008685,0.482951874873636,0.157496004123447,1.05041662892686e-05,0.995695788242138,9.64668482461413e-08,0.00429361112472405,0.697,0.213,0.0901,5.15545152663808,1.56545392701983,2.06518248793973,3.07330795404223,-1.92469325638118
"BRODIE",4.90666666668552,0.613749999997001,0.273800000008685,0.413904166623636,0.0989614373734466,4.34445283417356e-06,6.88393088201257e-07,9.62461231052805e-06,0.999985342541767,0.4742,0.3786,0.1473,2.92908884381618,2.15925713776958,-4.29921162327609,-2.39570877904208,-1.836984697288
"BUCHAN",4.51250000001886,0.604999999997001,0.287237500008685,0.415152083373636,0.109179044748447,1.8834119239847e-05,8.17129076972844e-06,1.12962492657069e-05,0.999961698340725,0.5102,0.3818,0.1081,3.28751610598383,2.94107707108744,-3.90218208946754,-0.401318567932592,-2.9949332088484
"BURREN",6.13750000001886,0.539999999997001,0.309250000008685,0.494451041623637,0.141333176998447,0.025527276226689,6.55360574452e-06,1.90404008092104e-05,0.974447129766757,0.3721,0.5055,0.1224,0.107804008538076,3.10309658391813,-2.28757076610011,-2.43837210014232,-1.55144058587749
"CABARET",3.86666666668552,0.606249999997001,0.313387500008685,0.535933333373636,0.148470034498447,4.39874165765352e-08,0.999694508247291,9.80290075138109e-05,0.000207418757778974,0.5875,0.0209,0.3916,4.95278806889677,-4.05377291627997,0.554459114516691,0.150612649032778,0.234446075441442
"CAESAR",5.48000000001886,0.646249999997001,0.340250000008685,0.462913749998636,0.148344813623447,0.999004504103888,3.07018157890389e-09,2.21263224410208e-09,0.000995490613297517,0.1947,0.7866,0.0187,-2.19801593946546,4.45525122485284,1.89687051499215,1.19859786071911,1.87277886207438
"CARA",5.68750000001886,0.646249999997001,0.358487500008685,0.615618333498637,0.197030308873447,1.99743314877358e-05,3.33438841629056e-06,2.03309423527545e-07,0.999976487970672,0.5589,0.3982,0.0429,3.58201124042818,3.83651421581404,-3.71556830305654,-5.2148726322697,-3.07501177633219
"CARLINGFORD",4.92416666668552,0.472499999997001,0.211887500008685,0.386433749998637,0.0756020294984466,0.00264665142060407,1.23686812844262e-05,3.42831527212786e-05,0.99730669674539,0.3783,0.4967,0.125,1.35008290205434,2.02964948581823,-2.6032094931552,0.658902390016039,0.217433092206284
"CASABLANCA",5.46250000001886,0.536249999997001,0.272187500008685,0.407601249998637,0.111359515498447,0.00643624078997205,0.0343277370069028,9.84434456362374e-08,0.95923592375968,0.5742,0.4028,0.023,3.44028164590605,3.01148441541791,-0.295313484175382,-2.53727053347877,3.23130338268492
"CELINE",4.71416666668552,0.502499999997001,0.264525000008685,0.450273749998636,0.106216761623447,0.917592296491121,8.16546604000546e-06,1.27090396682624e-05,0.0823868290031711,0.2539,0.6005,0.1455,-0.135596787386381,1.39340726107953,0.591655691048094,-2.63774870770022,0.99732691661088
"CHALLENGER",5.15083333335219,0.614999999997001,0.334625000008685,0.457242499873636,0.137285886998447,0.980082796003232,0.000989474586842251,0.000437011819674162,0.0184907175902511,0.2389,0.4969,0.2643,-1.08188869475163,-0.538801551405976,1.74446875208013,1.6599671069117,1.28400247924578
"CHARLOTTE",4.93916666668552,0.542499999997001,0.304450000008685,0.395603333123637,0.112808951623447,0.983594582738815,2.04135074583928e-05,0.000480787512082468,0.0159042162416447,0.2357,0.5613,0.203,-2.12876364990437,1.54551235763575,2.75698409712438,4.08293318014583,-4.71958497131341
"CHICAGO",4.04333333335219,0.647499999997001,0.353012500008685,0.460650833373636,0.156639529748447,0.00340895507697952,0.99594275309135,1.55204140915398e-06,0.000646739790261603,0.5143,0.2865,0.1992,2.74779823428062,-0.883378286494537,4.04847782273834,0.00705146849638751,0.350116338580909
"CHIEFTAIN",5.84083333335219,0.639999999997001,0.334950000008685,0.443097916623637,0.137082718623447,0.00952743154535761,1.14431945819267e-05,0.00318877705943615,0.987272348200624,0.2734,0.4916,0.2349,-1.15855585198573,0.902414669578389,-3.67750189379103,5.24511391977601,-0.062839120618429
"CHOPIN",4.45000000001886,0.497499999997001,0.262475000008685,0.382747083498636,0.0944829863734466,0.993725248681877,5.754664806266e-08,1.39809540866976e-06,0.00627329567606673,0.1503,0.692,0.1576,-2.48133992353065,2.00940611659256,0.732665377842811,-0.890522296838554,0.675147761759206
"CLARET",6.59000000001886,0.589999999997001,0.303250000008685,0.459672916623636,0.122789320748447,6.43724556345311e-05,2.90392572818881e-07,2.81152781590631e-07,0.999935055999011,0.4958,0.4632,0.0409,2.63705219914125,3.88479999474692,-2.88391513578197,-4.62886863328191,-3.22231878106297
"CORINE",4.34083333335219,0.678749999997001,0.350950000008685,0.471544583373636,0.158669425498447,0.166039226090436,0.0159981560765539,0.000190422191866692,0.817772195641144,0.379,0.432,0.1891,0.25342337033349,0.67985588792396,-0.760416207584118,-0.118736676233272,2.695282395054
"COSMOS",6.29000000001886,0.662499999997001,0.346775000008685,0.487020416623637,0.154570154748447,0.990217650346334,3.57685312723202e-06,6.42656800001887e-06,0.00977234623253898,0.192,0.6052,0.2028,-1.95376561441142,0.790116220607805,0.321510502156008,-1.10063266392384,3.14509385505571
"COURAGE",5.19750000001886,0.539999999997001,0.296662500008685,0.441821249998636,0.120603015623447,0.898143848308899,2.5012855464386e-06,8.94505725403815e-05,0.101764199833014,0.1999,0.6047,0.1953,-1.81638647403972,0.716324416718127,0.769232387120677,-1.19320071447342,0.711308468118736
"COURLAN",2.97666666668552,0.449999999997001,0.184112500008685,0.328614583498636,0.0572758757484466,0.285384564673048,4.58792775253934e-05,0.000745535784841902,0.713824020264585,0.2923,0.5185,0.1892,-1.27406254286484,2.08823949956991,-2.52505797180596,4.01681369264242,0.984081297358669
"CRAIGS_ROYAL",3.93000000001886,0.563749999997001,0.231825000008685,0.303743750123636,0.0694621274984466,7.67692270758954e-06,0.000343800605890584,1.79895069574254e-05,0.999630532964444,0.5497,0.3019,0.1484,3.97354001863347,1.02175940388417,-2.75019129603947,-1.03686144993574,-1.16695600897182
"CRAIGS_SNOW-WHITE",2.11916666668552,0.423749999997001,0.183375000008685,0.294263749998636,0.0530741931234466,0.00373931146576678,0.00761429453604074,0.490731684148764,0.497914709849429,0.2859,0.2671,0.447,0.326028448911343,-3.03003818906308,-2.47890752196649,0.524166786740962,0.664766551477992
"CRAMOND",5.75083333335219,0.597499999997001,0.304062500008685,0.539732083248637,0.156136934748447,0.000183887907297505,0.978640789930435,2.25858706138748e-07,0.0211750963035617,0.6453,0.2627,0.092,4.79420430017603,0.89617345451895,0.978481527833016,1.24395149508063,0.904727543679599
"CRISPS_FOR_ALL",3.88750000001886,0.491249999997001,0.253025000008685,0.437440416623636,0.0896797716234466,0.970544167712392,2.1290203030956e-06,2.61898369761623e-05,0.0294275134303288,0.2219,0.6132,0.1649,-1.81550086990593,1.35192613860721,1.10606167552003,1.00978411636589,0.617917546882497
"CROMWELL",4.44833333335219,0.577499999997001,0.318300000008685,0.457886041623637,0.124372831248447,5.60329113951447e-07,0.999983020479256,3.65809673067478e-06,1.27610948990907e-05,0.6136,0.0284,0.358,4.5546644344105,-4.00240533635461,2.86480689075317,-1.50942419084151,0.759464220574362
"D22/1",3.43000000001886,0.547499999997001,0.244262500008685,0.450017083373636,0.0955384868734466,1.72352311182236e-08,0.999906267878166,2.07582484856882e-06,9.16390617540613e-05,0.6176,0.0536,0.3288,4.92727959151357,-3.51752792768485,0.722419019646248,-0.926537690689743,3.12463078539991
"D23/3",3.13500000001886,0.461249999997001,0.242675000008685,0.408150000123637,0.0908375756234466,2.35223214126721e-05,0.962127380577773,0.0313707968301735,0.00647830027064064,0.436,0.1252,0.4388,2.24899451421167,-3.80571952941852,0.633097664016638,0.518281869576965,1.34692314174749
"D47-11",3.34916666668552,0.596249999997001,0.292162500008685,0.465859583373636,0.126681701123447,8.56140067271257e-10,0.999999475434559,3.10527766104715e-07,2.13181535469048e-07,0.6101,0.0084,0.3815,5.86212102513758,-4.84961291208205,2.84103116804771,-0.740091798722337,2.50709345431594
"D49/1",3.90000000001886,0.628749999997001,0.303925000008685,0.385629999998637,0.114468957748447,7.8995908919291e-11,0.999999995144264,1.86364907886865e-09,2.91309069890464e-09,0.6637,0.0118,0.3245,6.02539456016127,-4.43727616613485,5.07092227398816,0.4155103182848,1.99982558295969
"DAISY",4.01916666668552,0.526249999997001,0.264987500008685,0.409899166623637,0.0879706728734466,0.000131257231794045,0.999689863212434,5.03409772717925e-05,0.000128538578499626,0.4648,0.1981,0.3371,2.59252959130628,-2.14901023546473,3.64425970398716,0.656018483188273,0.991815124457889
"DARK_RED_NORLAND",2.97333333335219,0.449999999997001,0.225825000008685,0.259737291873636,0.0499961201234466,0.0369948440680838,7.00926169785902e-06,0.00389547000256469,0.959102676667654,0.237,0.5064,0.2566,-1.50954224489203,0.532696958300695,-3.61030661054944,2.90313000585102,0.820779893426619
"DARWINA",2.91333333335219,0.512499999997001,0.261412500008685,0.378470416748637,0.0930376814984466,0.996179340825781,6.63301074117614e-06,3.03752462622189e-05,0.00378365091721582,0.1564,0.5855,0.2581,-2.41400222107554,-0.057200881870225,1.03879703623939,-0.595411516183542,3.26294096574591
"DESIREE",5.28333333335219,0.587499999997001,0.296575000008685,0.508787499998636,0.139873049123447,0.91929343939544,8.87377629962812e-10,0.000365919478962362,0.0803406402382206,0.1019,0.6921,0.206,-3.43498675495086,2.1540871885573,-1.01324512734497,-1.4035062601006,-2.72523936911545
"DITTA",4.61333333335219,0.606249999997001,0.282375000008685,0.412487499873637,0.0932828984984466,0.999013758963981,1.37942233810957e-08,2.67683193695036e-05,0.000959458922425824,0.0613,0.677,0.2617,-3.35709055285442,0.848508814979019,1.32240140222292,0.108084020722063,-0.0723521534661752
"DR._MCINTOSH",4.92666666668553,0.488749999997001,0.274062500008685,0.463486041748636,0.108893854748447,0.000195992741120133,1.64182969517297e-06,4.12364560290811e-05,0.999761128973156,0.3451,0.4736,0.1813,1.043898597446,0.882481999133904,-4.76413755500599,1.20380783432038,1.77077376065742
"DRAGA",4.43583333335219,0.477499999997001,0.245062500008685,0.369512500123637,0.0820749074984466,0.283607943511633,0.000382670990798525,2.01149126009778e-05,0.715989270584967,0.3375,0.5633,0.0991,-0.890595267638802,2.24925880879185,-1.70465257572765,1.22821067628036,3.38413279975234
"DUKE_OF_YORK",4.04500000001886,0.434999999997001,0.234975000008685,0.377937499998637,0.0802533413734466,0.109759465730701,1.11604412358123e-06,0.833193215137533,0.0570462030876418,0.0322,0.4462,0.5216,-3.37522047323711,-3.30474786570204,-3.72702395386335,0.907722726147046,1.8838337089492
"DUNBAR_STANDARD",5.21666666668552,0.691249999997001,0.386962500008685,0.517691249873637,0.168440941123447,0.00036803242419185,0.00288669530232513,0.15029129160152,0.846453980671963,0.3384,0.2119,0.4497,0.798399600205138,-3.17474743138409,-3.37581265633367,1.40554747738804,1.40601972738818
"DUNDROD",3.93916666668552,0.397499999997001,0.182950000008685,0.313413749873637,0.0507627521234466,1.24204352774521e-05,0.997234214139696,0.000137051459241191,0.00261631396578524,0.5552,0.1515,0.2933,3.42164887851389,-1.41353209958359,1.13509795342685,1.94691596638077,0.217764725932695
"ECLIPSE",4.80666666668552,0.539999999997001,0.307587500008685,0.392957916498636,0.106445400248447,9.25651405724858e-05,2.69675073862989e-06,0.997582974049465,0.00232176405922386,0.1642,0.2774,0.5584,-2.12657506477781,-3.86739561561382,-3.11096540357573,4.30301449254246,-1.89489300686193
"EDEN",4.12583333335219,0.599999999997001,0.332862500008685,0.435314166498636,0.145052155248447,4.00838924977713e-11,0.999999763587752,6.92705644527149e-08,1.67101599464868e-07,0.6625,0.0082,0.3293,6.28658780612844,-4.18809188564651,2.6726795066898,1.14182414325158,0.286124990165852
"EDZELL_BLUE",4.97833333335219,0.578749999997001,0.312637500008685,0.438732499873636,0.107096468748447,0.202453915910423,5.90737140672852e-05,0.561291759161022,0.236195251214488,0.1692,0.4036,0.4272,-2.41895001050805,-2.07961109420708,-1.14210607193613,0.107723731824685,-0.227704361999925
"ELISABETH",5.26666666668553,0.578749999997001,0.279612500008685,0.485976249873637,0.120033536998447,0.974161032386898,1.73512610555534e-05,4.74022068001089e-06,0.0258168761313662,0.2614,0.6617,0.0769,-0.468160844174231,1.93392198172928,2.05731969777191,0.505885198833851,-1.09139174287845
"EMPEROR",3.57416666668552,0.444999999997001,0.218750000008685,0.337149999998637,0.0743945002484466,0.464069584136533,0.00255964959922277,0.000145300765099044,0.533225465499146,0.3397,0.4996,0.1608,-0.903267868568852,2.65121594117942,-0.693177438764706,5.32409293827192,2.36616259990921
"EOS",6.82083333335219,0.661249999997001,0.346175000008685,0.532187083248637,0.178679685373447,0.507368777488859,0.00773962045286219,6.99577337047936e-05,0.484821644324574,0.3891,0.4839,0.127,0.613462883089522,1.62424836879273,0.573140830061061,2.60376337235204,-0.13513497390447
"EPICURE",3.79250000001886,0.526249999997001,0.285537500008685,0.406629166748636,0.104838359498447,0.00286550134138767,6.36807886928667e-07,0.936341349581348,0.0607925122693777,0.1193,0.3914,0.4892,-2.93882577965079,-3.08595605518547,-2.91974339352992,1.60681673422326,-1.2276065127628
"ERNTESTOLZ",4.80833333335219,0.557499999997001,0.332437500008685,0.463586666748636,0.130226157248447,0.941521896189569,6.62645008590407e-06,0.00912528652372284,0.0493461908366224,0.119,0.5257,0.3553,-2.50368721774637,-1.06289149162544,-0.315516977303484,0.39673908052871,0.372878522191557
"ESCORT",6.30500000001886,0.571249999997001,0.315762500008685,0.523616250123637,0.131641381623447,0.998617563230912,1.47670733979602e-06,7.91333724041704e-08,0.00138088092837614,0.2638,0.6627,0.0735,-1.06211518032451,2.93605721993565,2.91030593183659,-0.00393668867807857,-0.812709250612719
"ESMERALDA",2.57666666668552,0.487499999997001,0.230112500008685,0.415743333373637,0.0919156577484466,0.961327065310072,5.38021996781321e-05,0.000174010327348808,0.0384451221629007,0.2484,0.5136,0.238,-1.4418124941631,0.080918250311237,1.33784207323691,-0.950725396165137,-0.691986253607307
"ESTIMA",5.63666666668553,0.592499999997001,0.280612500008685,0.389354999998637,0.0957505254984466,0.912368089258221,0.000132816445372638,0.000472056841650145,0.0870270374547563,0.2076,0.5568,0.2356,-0.731531931721467,0.293525609432699,0.580864946961213,0.485816491259429,0.75741531011194
"EVE_BALFOUR",5.40250000001886,0.519999999997001,0.289475000008685,0.475524374998636,0.128391075248447,0.000386031832955819,0.000517756210025102,0.00124634555901652,0.997849866398003,0.4606,0.2723,0.2671,2.5155075775688,0.578695338671955,-2.28071020349044,-1.28119619662658,-2.82380935745908
"EXCALIBUR",5.27750000001886,0.676249999997001,0.364450000008685,0.476445416623637,0.175613916248447,0.00580314025194208,0.12162895232015,8.34909396565499e-07,0.872567072518511,0.7609,0.2296,0.0095,4.96816143595609,2.69061136508597,1.30437308818865,-1.47809291643424,-0.278319257826002
"EXQUISA",4.80916666668552,0.568749999997001,0.289837500008685,0.488521666748637,0.116823795998447,0.998573390074305,4.0987161632677e-09,3.37263488543415e-05,0.00139287947812477,0.0372,0.7268,0.236,-3.90897125438569,1.11091623083775,1.65977435388547,-0.936659633100538,-2.94204005160352
"FESTIVAL",3.05083333335219,0.418749999997001,0.187675000008685,0.259197916623636,0.0490988578734466,0.999190226395681,4.47735280596901e-07,3.9007821590448e-08,0.000809286861216505,0.233,0.6904,0.0766,-1.76502833238178,2.68916764471955,2.60589520109006,0.497514796639957,1.3216125527102
"FIANNA",3.80750000001886,0.466249999997001,0.241025000008685,0.315696666748637,0.0695996477484466,0.703799617551241,1.41858741759729e-06,3.66130954523585e-06,0.296195302551796,0.2491,0.6584,0.0925,-1.17234410521353,2.35232653443451,-1.30973365771287,-0.28027426372288,2.64090876245377
"FIFTYFOLD",3.14000000001886,0.527499999997001,0.299900000008685,0.310501249873637,0.0889753166234466,3.10663841590424e-05,2.69945534171054e-06,0.999683410439462,0.000282823721037124,0.1556,0.2128,0.6317,-2.05761162771616,-5.54797284134355,-1.72808852609633,0.42037076385149,-2.44900018512635
"FONTANE",4.62916666668553,0.579999999997001,0.281762500008685,0.426101666748636,0.105648287873447,0.999040732045143,4.44985957681116e-05,9.33871809375916e-07,0.000913835487279852,0.239,0.5891,0.1718,-2.13149851730465,0.901971401387774,2.95684963997059,2.46141231908222,3.37002281310778
"FORTYFOLD",4.53500000001886,0.511249999997001,0.236825000008685,0.399998333373636,0.0815751646234466,0.0020981709672997,1.58015677982153e-07,0.997702130805622,0.00019954021140039,0.0135,0.3233,0.6631,-4.08671966593275,-5.30121834272299,-1.87877662561954,-0.262935126178346,0.0473136101812492
"FRONTIER_RUSSET",3.12583333335219,0.481249999997001,0.221725000008685,0.315020833248636,0.0684107683734466,0.0515481231761181,0.000248779656243204,0.0797454004616599,0.868457696705979,0.2421,0.4311,0.3268,-1.50107152416365,-0.765655116354024,-3.89840858064147,4.68707398039165,1.01237083453344
"G.81071",4.02000000001886,0.529999999997001,0.263500000008685,0.434738750123637,0.105232804123447,0.00624779936338133,0.000204691765143959,7.12053770322246e-05,0.993476303494442,0.3958,0.4403,0.1639,1.61065136228283,1.23480381866182,-0.932016685301321,0.283708690997565,-0.603748017217277
"G.88661",4.18250000001886,0.567499999997001,0.269162500008685,0.378101666748637,0.0969537508734466,0.0220706893957604,0.00190554863687399,3.69090601980788e-06,0.976020071061346,0.4367,0.4834,0.0799,1.47282649485558,2.34516558468539,-1.17851947082671,2.73854944776262,2.11053400363218
"G.886611",5.33583333335219,0.541249999997001,0.277312500008685,0.536073333498637,0.123322787873447,0.00397651657792936,0.000502705606150381,7.79600313694154e-07,0.995519998215607,0.4826,0.4808,0.0366,2.03823828998706,3.06911008390109,-1.27289726688832,3.7736567955472,0.358517359934548
"G.8867Y%12",4.57083333335219,0.513749999997001,0.237250000008685,0.399647916498637,0.0877563557484466,0.0103449498606229,3.76579410316624e-06,1.48632695078602e-06,0.989649798018323,0.3694,0.5926,0.038,0.923443498953422,2.90731017164705,-2.09139272554483,1.94082719487998,0.0442958323279909
"G.88839",2.35250000001886,0.552499999997001,0.277662500008685,0.349080416748637,0.0977574284984466,0.99998974096737,5.84409287975286e-10,4.68030564412756e-08,1.021164516473e-05,0.0213,0.8858,0.0929,-2.63497396798075,1.73894999594346,3.72644833627116,0.128124179750077,-1.88175942591363
"G.88842",4.57166666668553,0.609999999997001,0.357912500008685,0.439718333373637,0.147641073998447,0.992576999769097,1.0651819466415e-08,2.25170363083824e-07,0.0074227644087203,0.152,0.7691,0.0789,-1.71120027913305,2.45460636144833,0.780890610162426,-0.945124460350703,0.0208851651010233
"GALACTICA",5.54333333335219,0.596249999997001,0.301962500008685,0.503893333248636,0.139687956998447,0.562932401063533,2.94207626048383e-06,0.000206015296974533,0.436858641563232,0.2251,0.5496,0.2253,-1.26490871658747,1.06751311842376,-2.21474401268423,-4.68658101336814,0.442419324522597
"GEMSON",4.82000000001886,0.553749999997001,0.279137500008685,0.450890833248636,0.109084342623447,0.000202806070272733,3.3837311487866e-05,0.000557408903473194,0.999205947714766,0.3973,0.3725,0.2303,1.83659850309211,0.209142856469036,-3.16374181913381,-1.32117967894532,-1.13042174213872
"GL.76B/102",2.12083333335219,0.466249999997001,0.219887500008685,0.396609583373637,0.0905928333734466,0.362363341396277,0.00532441738907398,0.625879037416156,0.00643320379849274,0.1572,0.3653,0.4775,-2.26263204254392,-3.43023259713845,0.84239995551881,0.723543894825188,-0.771256093371883
"GL.76B/94",4.07000000001886,0.517499999997001,0.235250000008685,0.427067083248637,0.0897182178734466,0.0806866123888659,5.07752331799637e-07,0.918427718780398,0.000885161078404372,0.0192,0.3869,0.5939,-3.44872816133067,-3.64226158622689,-0.302270656463143,-1.33501713037452,-1.18371815542162
"GL.77M/106",3.99750000001886,0.638749999997001,0.367537500008685,0.485725624998637,0.160792825248447,0.0016308496304508,0.0202156044414016,0.00370582651438112,0.974447719413767,0.4852,0.2811,0.2337,2.90385804326055,1.01169330461738,-0.395690207488292,1.44930687301143,-3.7354021343936
"GL.78/166",2.47583333335219,0.512499999997001,0.245837500008685,0.428087916623636,0.0909606796234466,0.000148178960598015,1.21823401764365e-05,0.999827119004185,1.25196950408191e-05,0.0548,0.2372,0.708,-2.47237651142351,-5.89461968432038,0.0703493290657661,-1.56802368152532,-0.888832885950893
"GL.78/53",3.21333333335219,0.472499999997001,0.246837500008685,0.338249583248637,0.0658441566234466,4.25479414852337e-05,0.00571829556053282,0.994195427677931,4.37288200508902e-05,0.2729,0.1042,0.6229,0.216663389741437,-4.40866532314659,0.691087270657822,0.958277157235089,-3.79985191957683
"GL.78/97",3.47666666668552,0.613749999997001,0.327787500008685,0.483719583498637,0.132048142373447,0.000323787962048778,0.000103191430925191,0.999530259450914,4.27611561125758e-05,0.142,0.2101,0.6479,-1.82889735642374,-5.07267868929097,0.549975593215751,-0.565104524168394,-2.26689387535699
"GL.79/42",4.60750000001886,0.561249999997001,0.267675000008685,0.545575416748637,0.129959503498447,0.000448780917544645,0.000246218466257348,0.999274772915008,3.02277011899128e-05,0.1928,0.1929,0.6142,-1.47261415301573,-4.85304094248123,1.33249813952533,1.1175050046767,-2.84455498069012
"GL.79/45",4.31916666668552,0.504999999997001,0.200512500008685,0.447975833248636,0.0815715641234466,0.00299900261039283,0.000147421068317636,0.995166690666989,0.00168688565430071,0.1584,0.2112,0.6304,-0.870464127253947,-3.83113555073361,0.634432687450058,-1.12333274774533,-3.80263391440142
"GL.81_NT_25",5.11000000001886,0.579999999997001,0.280937500008685,0.499818333248636,0.137933613123447,4.3418558013029e-08,0.999948530030091,4.93369841065872e-05,2.08956724425477e-06,0.4922,0.0149,0.4929,3.81593269379255,-5.78944435057421,2.39863375328351,-1.76413147845367,0.944356723926428
"GLADIATOR",5.31500000001886,0.647499999997001,0.373412500008685,0.546436249998637,0.201884916123447,0.857302243599574,4.62853638629822e-06,2.20628523246498e-06,0.142690921578807,0.294,0.638,0.068,-1.38546242457923,3.34787621007787,0.0525406327651256,2.28348725173379,1.52646254077406
"GLAMIS",5.59500000001886,0.616249999997001,0.356962500008685,0.509323749998636,0.163183529498447,0.00203210164850873,0.931002657194151,2.62895309590167e-05,0.0669389516263813,0.5246,0.3076,0.1679,3.50831042251284,-0.723855454873377,1.94143938057107,1.64155747594378,1.06451287814501
"GOLDEN_MILLENNIUM",4.85083333335219,0.554999999997001,0.278587500008685,0.398711666873637,0.106282376123447,0.000226230428924656,0.885184496372778,5.72039548470062e-05,0.11453206924345,0.6602,0.1583,0.1815,4.25590585410376,-0.0161850990362903,1.27048518034999,0.25034933796941,-1.48021286918531
"GOLDEN_NUGGET",3.79250000001886,0.524999999997001,0.243487500008685,0.488489166748637,0.115304194873447,0.743618672628355,7.24967532827044e-05,2.58567177726465e-05,0.25628297390059,0.3098,0.6297,0.0605,0.558746213900437,1.65968969544688,1.1376995794646,-2.10676811973234,0.68311365888813
"GOLDEN_WONDER",3.74833333335219,0.734999999997001,0.365550000008685,0.520368750123636,0.182071001373447,0.000889715761358862,2.0907361336979e-06,0.997507583000163,0.00160061050234463,0.0969,0.2437,0.6594,-2.68151286238628,-5.01524469629416,-1.23101404850465,0.371316092374564,-2.32426727000877
"GRANOLA",6.33750000001886,0.614999999997001,0.337262500008685,0.505118749873637,0.163635338498447,0.998634226858471,1.91939625378177e-06,2.07268004271471e-05,0.00134312694484794,0.2092,0.6162,0.1746,-2.53069649617272,2.44254820213961,3.77808700374398,2.85920506585378,-3.32823934676306
"H1H3_101",3.23416666668552,0.568749999997001,0.314250000008685,0.397162500123637,0.116213211248447,1.40164651470207e-11,0.999998735289778,1.24836958448916e-06,1.6326620398739e-08,0.5323,0.004,0.4637,5.54835367870242,-6.55328692629175,2.58714300499528,-0.597012604474362,1.70659576207677
"H1H3_3",6.06166666668552,0.507499999997001,0.257612500008685,0.459158333248636,0.0976307223734466,3.79651254222592e-05,0.979609084738919,0.000156057018063731,0.0201968931175952,0.5553,0.1499,0.2948,4.02640280838684,-2.14523041007349,0.683914665397783,0.346021292260077,1.19281209283485
"HARBOROUGH_HARVEST",4.08500000001886,0.523749999997001,0.291275000008685,0.425431250123636,0.121377321123447,1.01309175700624e-09,0.999995930653583,5.01627114082911e-11,4.06828316232957e-06,0.8157,0.0845,0.0998,6.78870145879076,0.300166307105279,2.71882861707644,3.69436748064347,0.32408606899671
"HARLEQUIN",4.87750000001886,0.551249999997001,0.336150000008685,0.529062499998637,0.168017076873447,0.975695304170327,8.97825002005267e-05,0.00175966783314749,0.0224552454963252,0.2474,0.5126,0.24,-2.1093207716362,1.28085921027783,2.71934160945273,4.36357533505973,-3.81469061243171
"HERMES",5.24083333335219,0.529999999997001,0.289450000008685,0.489075833373637,0.131438372748447,0.988954427659519,8.2271182093206e-07,4.74739546042069e-05,0.0109972756740561,0.1638,0.6206,0.2156,-2.41940322668251,1.14047214915285,0.946245837578412,-0.839457632922987,0.0950707850930746
"HIGHLAND_BUR._RED",2.93750000001886,0.508749999997001,0.219662500008685,0.321078333248636,0.0658962731234466,4.12615197087512e-07,1.10770581765647e-07,0.999999305768058,1.70846163423766e-07,0.022,0.0935,0.8845,-1.68535324920054,-8.22478282587233,-0.597782250692348,-1.97912484545691,-2.60880532903319
"HOME_GUARD",3.92000000001886,0.476249999997001,0.233112500008685,0.368957083248637,0.0654029793734466,0.000290907341265025,0.00225287225663825,0.0107300704969599,0.986726149905137,0.3884,0.2761,0.3355,1.92545098639801,-1.96583588147836,-2.79989555470385,1.23069232706867,0.408206888779398
"HORIZON",6.10583333335219,0.668749999997001,0.340875000008685,0.565700416748636,0.183600279998447,0.996324084301572,1.90613730025109e-05,0.000458378440037107,0.00319847588538791,0.1274,0.5308,0.3418,-2.02014134052904,-1.29968731234856,1.51580748967658,-2.20821587367582,1.57038790523944
"INNOVATOR",5.21916666668552,0.531249999997001,0.270862500008685,0.436535416623636,0.102817442748447,0.201961489559176,7.16240249889208e-06,0.0061554213915248,0.7918759266468,0.1473,0.5177,0.3349,-1.60542129245677,-0.763792983958099,-3.9633051970859,-0.287664945468565,4.05854282917973
"INTERNATIONAL_KIDNEY",3.87833333335219,0.519999999997001,0.251500000008685,0.369658333248637,0.0769924613734466,5.88034737734701e-06,3.48690866642494e-07,0.999988652039637,5.11892211907259e-06,0.0099,0.0383,0.9518,-2.21685725549647,-7.05165017597348,-0.706375936149414,-2.00886554574964,-1.75055314527798
"ISLE_OF_JURA",5.15666666668552,0.621249999997001,0.303600000008685,0.595574999873636,0.161320263373447,0.00609818865012182,0.676209223925366,0.000652766718549263,0.317039820705963,0.5605,0.2188,0.2207,2.89627421485836,-0.301103218305493,1.11858600016314,-0.445124539293667,-0.117000522866194
"JULIETTE",3.61833333335219,0.519999999997001,0.248025000008685,0.454241666748636,0.0943647921234466,0.999977880063789,1.95951319809948e-09,7.12520539938224e-08,2.20467246434527e-05,0.0901,0.773,0.1369,-4.35318244250954,3.43370910456202,4.26651415621541,2.24397118858982,-3.25901545989277
"KARLENA",4.33333333335219,0.618749999997001,0.305950000008685,0.412447083248637,0.120961255248447,0.250518487858343,5.18678813995143e-05,0.00477289397085507,0.744656750289403,0.2338,0.4798,0.2864,-1.92319091548422,-0.0225010589094042,-3.50002881803754,0.8737862396277,2.53450724706364
"KERRS_PINK",5.84416666668552,0.729999999997001,0.418700000008685,0.588587499998636,0.228395904498447,6.89589241663079e-06,1.86766556649771e-05,0.992613682916137,0.00736074453578104,0.2237,0.1897,0.5866,0.0195375327212615,-4.91802994109232,-4.42433819393575,1.6282985631581,-0.0938994187585303
"KESTREL",4.55782689526886,0.532499999997001,0.262087500008685,0.347483333498636,0.0913661703734466,0.000570301647678277,0.0289576919610334,3.72232807563696e-06,0.970468284063213,0.7095,0.2647,0.0258,4.44787624646826,1.98042065012975,-0.460784231389829,-0.50948439005642,-1.44751898560095
"KIFLI",4.75916666668552,0.608749999997001,0.340525000008685,0.538820624873636,0.182063426623447,0.990039737567874,8.41800504248191e-05,0.000962304819309938,0.00891377756239158,0.1699,0.5721,0.258,-1.51310869199416,0.113383760238047,2.33565098488724,1.39543669893438,-2.07311234502718
"KING_EDWARD",4.46750000001886,0.616249999997001,0.284175000008685,0.452648749873637,0.111456216123447,1.13410509514946e-07,2.74300072310484e-07,0.999998866862459,7.45426958879238e-07,0.0978,0.0624,0.8399,-2.14744285818091,-7.58612390749188,-1.5389999617701,1.25090847571472,-3.02146260717964
"KINGSTON",5.01750000001886,0.628749999997001,0.346850000008685,0.450829166623636,0.151446339123447,3.67492033263392e-05,0.998291785612292,1.62911074366484e-05,0.00165517407694517,0.5812,0.1448,0.274,4.22410914836584,-1.00071480096364,2.51479487508825,0.494386602995765,-0.0234311259884078
"KUFRI_CHANDRAMUKHI",4.68333333335219,0.552499999997001,0.312000000008685,0.556107916748637,0.168131281873447,0.0438196065144457,0.000318388755624995,0.0159983410852166,0.939863663644713,0.2489,0.4385,0.3125,-0.979033614852875,-1.08680624264224,-2.68824447310415,1.85899901052056,2.30246036835661
"KUFRI_JYOTI",5.60583333335219,0.596249999997001,0.342375000008685,0.508144166623636,0.160966943373447,0.100223320426601,4.58884411238378e-06,0.000278401979112725,0.899493688750174,0.2793,0.5395,0.1812,-0.504136968344977,1.61818635379954,-2.2830453676494,-1.43268543367509,-1.47221435569071
"KURODA",6.44583333335219,0.691249999997001,0.357612500008685,0.528649583373637,0.166872690123447,0.997852672943119,3.07046605316145e-08,2.1017951658726e-07,0.00214708617270357,0.1462,0.7263,0.1274,-3.5373078293602,2.60329488651113,0.699427835182635,-0.349146513012585,3.93720053335255
"LADY_BALFOUR",6.88416666668552,0.604999999997001,0.338900000008685,0.549882499998636,0.157941197373447,0.000160947104039072,0.000276581101546623,7.43913512711141e-05,0.999488080443143,0.4779,0.3252,0.1969,3.17391904747882,0.936890849576369,-2.66935225759069,-3.01702092074485,-1.83122300751895
"LADY_CHRISTL",5.60083333335219,0.499999999997001,0.278437500008685,0.425993333498637,0.100369986123447,0.994524724189647,4.48382207955641e-06,0.00266309494229726,0.00280769704597626,0.1136,0.4997,0.3867,-2.33795726622112,-1.94546399033608,0.562092611971455,-1.16563294835889,1.59568182730924
"LADY_CLAIRE",4.58750000001886,0.518749999997001,0.284350000008685,0.444114166623637,0.116184833623447,0.999998959966568,1.48005341394311e-09,1.99568253259426e-07,8.38985125476826e-07,0.013,0.6562,0.3308,-4.68087559188746,-0.612566887896936,3.57211007005696,-2.74184079988876,3.11556963649858
"LADY_JO",4.77083333335219,0.602499999997001,0.300800000008685,0.475712500248636,0.113185986873447,0.998688469076213,5.82597873356966e-06,0.000846854870086377,0.000458850074966829,0.043,0.5116,0.4454,-3.30919558099887,-2.80546292307833,1.93096062489913,-2.94272365421732,3.52010638906156
"LADY_ROSETTA",4.52000000001886,0.516249999997001,0.290375000008685,0.483121249998636,0.126807936998447,0.880065480927115,8.90195858992548e-05,0.000341290016505082,0.119504209470481,0.2318,0.5373,0.2309,-1.91710901950154,-0.0493346146474961,1.67483179285423,-0.927698747181432,1.37860129169457
"LIBERTAS",3.04250000001886,0.668749999997001,0.304725000008685,0.492029583373637,0.138961073748447,0.998136353203265,1.77569228716332e-07,0.000891868855148342,0.000971600372358149,0.0465,0.5369,0.4166,-3.43435891600021,-2.24337610205511,0.760483238610255,-4.81567501357488,2.5504579776318
"LINDA",5.42833333335219,0.571249999997001,0.261912500008685,0.474846666623637,0.121826935748447,0.999787753467425,1.31469665583292e-09,0.000120472318675933,9.17728992028252e-05,0.0373,0.6721,0.2906,-4.52490024554898,1.17960794807034,2.48768584959477,1.77284595810281,-4.7071410520219
"LINTON",5.29583333335219,0.523749999997001,0.267787500008685,0.441083333373636,0.107172853623447,0.832005861209986,0.000301758642754314,8.05810743696754e-05,0.16761179907289,0.3043,0.5293,0.1664,-1.3209656417317,1.86943797868117,-0.380962420006605,2.37290474795121,2.69298249139431
"LINZER_DELIKATESS",4.63000000001886,0.504999999997001,0.240675000008685,0.401139583248636,0.0962178517484466,0.999622904290705,9.08543612422886e-09,0.00012982069429878,0.000247265929560302,0.0832,0.643,0.2738,-3.49650195097855,0.274389079432115,1.83541447112918,0.834204189945497,-2.61300661490296
"LIONHEART",5.05500000001886,0.708749999997001,0.400237500008685,0.544651041498637,0.205972443248447,0.987034653855467,2.94347472474832e-07,1.08669459914036e-06,0.0129639651024611,0.1873,0.6528,0.16,-2.10535996781985,1.60169294014464,0.442836700941177,-0.277862218088965,2.53359998272655
"MADELEINE",5.82166666668553,0.477499999997001,0.243225000008685,0.421330833248637,0.102775672248447,0.999705034748551,6.50471227038625e-08,6.20765206893965e-07,0.000294279439118849,0.154,0.6793,0.1666,-2.43928198819218,2.37628254905823,2.98980690375609,0.731446972369168,-0.800073040822601
"MADINGLEY",3.85333333335219,0.478749999997001,0.240350000008685,0.441712499998637,0.0926227882484466,0.976091182995544,9.7652948210741e-06,1.62704388708594e-05,0.0238827812707643,0.2625,0.5979,0.1396,-1.55467117368317,2.68250977013136,0.216754401363585,1.52080460703633,-0.383775671663361
"MAJESTIC",5.26583333335219,0.558749999997001,0.297237500008685,0.465352916623637,0.121872033998447,0.000595517802842447,6.47321770814615e-07,0.000115650966801591,0.999288183908585,0.294,0.4951,0.211,-0.172749718089029,0.582070849328874,-5.02300209220501,1.84946858637493,1.56221501377702
"MARABEL",5.34166666668553,0.452499999997001,0.236075000008685,0.503602499873637,0.112711125873447,0.999978585433656,6.93539427037534e-11,2.13215505231319e-09,2.14123648348068e-05,0.0865,0.8192,0.0943,-3.8554836312508,2.9349887235822,1.72686586099495,-0.37714337403214,0.303077537569326
"MARFONA",6.66083333335219,0.539999999997001,0.284262500008685,0.456709583248636,0.126832976998447,0.986365702470286,6.18742546837788e-06,7.46930666065213e-05,0.0135534170376394,0.1661,0.5458,0.2881,-2.33505927877826,-0.839398507964309,-0.013659727118415,-2.05830924191,4.13143732277011
"MARILYN",5.34500000001886,0.504999999997001,0.267075000008685,0.404123333373637,0.0939510144984466,0.994886376952666,5.66919503883094e-08,6.14926145991779e-06,0.00510741709392313,0.1393,0.6992,0.1615,-3.01988403565485,2.15080794932462,1.32803134699495,0.345076434861687,-1.56264998028216
"MARIS_ANCHOR",4.98083333335219,0.511249999997001,0.263062500008685,0.476093333373636,0.114100097873447,0.842862687937929,1.8720300630938e-05,0.00477200638445231,0.152346585376988,0.1685,0.5307,0.3008,-2.16436121757944,-0.653337022731982,-0.639751084939836,1.03464755590783,0.684925157236408
"MARIS_BARD",4.37666666668552,0.581249999997001,0.296512500008685,0.356226666748636,0.0877833839984466,0.00167529359891987,0.241698375979846,0.000474083859176556,0.756152246562057,0.4417,0.277,0.2813,2.17080588706153,-2.32484302206159,-1.80026257813137,-1.78235101167273,4.32281918167784
"MARIS_PEER",3.85916666668552,0.498749999997001,0.250287500008685,0.452590833248637,0.0942715198734466,0.000204350607923645,0.000568519751340984,0.00262976047531278,0.996597369165423,0.4047,0.3275,0.2678,1.72109832858545,-0.57873638902122,-2.76028491286599,0.447510575534335,0.464986327502992
"MARIS_PIPER",5.32833333335219,0.601249999997001,0.321250000008685,0.504524166623637,0.141997146873447,2.29366433609859e-12,0.999999998824667,8.56848035099252e-11,1.08735430268322e-09,0.7206,0.0074,0.272,7.33183366151473,-4.27948693363091,4.74777401594157,0.277120865057896,2.46964824080651
"MARKIES",5.34000000001886,0.719999999997001,0.418937500008685,0.565906249873636,0.234200651248447,0.999922964448343,4.91587326983185e-09,1.28779917576641e-06,7.57428366078856e-05,0.0542,0.7139,0.2319,-4.31685579581777,1.05095724453817,2.68765206455828,0.283092687781915,0.75194809774444
"MAXINE",4.53833333335219,0.552499999997001,0.260925000008685,0.390377708248636,0.0877256732484466,8.66311357177879e-05,0.690647282860952,1.93732422598403e-05,0.309246712761071,0.5892,0.2603,0.1504,4.34730362612845,-0.301254523447391,-0.0337114832091531,1.08693746400948,1.96686814549817
"MEGARA",4.40333333335219,0.512499999997001,0.274162500008685,0.485252499998637,0.134038735123447,0.999983359694605,8.04684226606983e-09,5.55712363305171e-08,1.6576687316178e-05,0.1128,0.7132,0.174,-3.29792709421765,1.73950831388747,3.75642355421469,-0.125606357527375,0.831979823756313
"MELODY",4.56750000001886,0.637499999997001,0.316737500008685,0.482756666623636,0.145105729998447,0.968855265788008,2.59662538882269e-05,0.000321690708612783,0.0307970772494914,0.1802,0.5721,0.2478,-2.32336215113637,0.284468898772826,1.01243702881207,-0.524432513472457,0.346715432434147
"MIDAS",4.94166666668553,0.646249999997001,0.386950000008685,0.405459583373637,0.153162839998447,0.00119193150873666,0.998740650370529,3.4829254152986e-06,6.39351953195999e-05,0.4741,0.2603,0.2656,2.60662428555196,-1.6387513610126,4.72906697111174,0.611959324951637,0.735172797274731
"MILVA",6.65833333335219,0.589999999997001,0.288112500008685,0.492733749998637,0.139231258248447,0.998759870252419,1.23775889234294e-07,5.02966370720957e-05,0.0011897093346197,0.0671,0.6653,0.2676,-2.99750123086372,0.677272957192206,1.7081830901568,-0.66283794120609,-2.24155059622942
"MIMI",1.90416666668552,0.337499999997001,0.130462500008685,0.236828333498636,0.0308316591234466,0.353912273041414,0.208107351394693,0.000512203408312977,0.43746817215558,0.4446,0.3727,0.1827,2.03900233171511,-0.10873606805457,2.34858762261495,-2.02495064911494,0.630651472472467
"MIRA",3.92250000001886,0.524999999997001,0.267687500008685,0.459594166623637,0.106647209623447,0.999709595594001,4.20343670627968e-08,2.35339149516713e-05,0.000266828456680249,0.0491,0.6194,0.3315,-2.77102796898376,-1.43305476456144,1.57058145446996,-3.9817286649356,0.763005196171033
"MOIRA",4.56416666668552,0.526249999997001,0.242787500008685,0.408970833373636,0.0868281654984466,0.896245330128195,3.92661200671229e-06,0.000377621095114836,0.103373122164683,0.2043,0.5747,0.221,-1.18495286038134,0.533666298933078,-0.189223404344313,-1.22783749899857,-0.983864967622561
"MONTROSE",4.96833333335219,0.676249999997001,0.361275000008685,0.517118749998637,0.168571420748447,3.9142627608041e-09,0.999990032221108,5.12753643008508e-06,4.83632819943565e-06,0.6312,0.0175,0.3514,5.46797894492022,-2.50506806392645,2.15864158673346,2.07372161065321,-1.94963466139786
"MORAG",3.96833333335219,0.462499999997001,0.227537500008685,0.359703333373637,0.0786720721234466,0.000105934689923515,0.000549583865331889,0.00244868400737443,0.99689579743737,0.4383,0.2913,0.2704,2.80426017131885,-0.756141667980925,-3.27417812060671,0.264334484172856,-1.33263719403878
"MORENE",4.64666666668552,0.636249999997001,0.320150000008685,0.630774999998637,0.176892940748447,0.999042311789766,1.19977418011683e-09,5.2838646271601e-06,0.000952403145832394,0.033,0.6938,0.2732,-3.40680077499143,0.58934202340181,-0.200358571707893,-2.50596660212579,2.9345092464966
"MOZART",5.51583333335219,0.588749999997001,0.289525000008685,0.465834999873637,0.129574130623447,0.999624223785598,4.76595904353923e-09,4.60074081862021e-10,0.000375770988369263,0.2079,0.7799,0.0122,-1.91188405664187,4.98462467931127,3.18488558049338,2.24840402374164,0.370865956054116
"MYATTS_ASHLEAF",3.19166666668553,0.493749999997001,0.195850000008685,0.306618749873636,0.0538201063734466,3.26635214934034e-06,2.8095089388817e-09,0.9999963025681,4.28270241371257e-07,0.0074,0.1848,0.8078,-4.22342468770256,-8.03418900996312,-1.18940027172096,-1.86500519568969,-2.82846930860929
"NADINE",4.43666666668552,0.489999999997001,0.264225000008685,0.351402083373636,0.0806336934984466,0.00376043733109195,0.846047556700404,3.02973125528588e-06,0.150188976237249,0.596,0.3299,0.0741,3.89083076011734,0.959912213608372,2.68456902884089,0.520899410675654,0.0697770853111028
"NAVAN",5.15750000001886,0.593749999997001,0.301325000008685,0.476082499873636,0.127772509998447,4.08994322787157e-08,0.999944708798903,3.32475127797746e-08,5.5217054151663e-05,0.7649,0.0602,0.1749,5.48312893080829,-1.46025211952455,1.99223710615009,0.728909867529393,1.60022174948098
"NDTX_4271_5-R",4.43500000001886,0.547499999997001,0.238250000008685,0.386630624998636,0.100731697873447,0.00702193465784996,0.00276714398132762,0.000457574689823253,0.989753346670999,0.4221,0.4274,0.1506,0.157367806715115,2.11111657948283,-2.39489709774058,6.58642568476937,0.243313596308172
"NICOLA",6.06333333335219,0.596249999997001,0.323325000008685,0.477009166623637,0.137410959748447,0.999979400667539,8.13857647595363e-11,9.79935267127551e-06,1.07998984043986e-05,0.0083,0.7158,0.2759,-5.60968974421185,1.04404109259827,2.45806802555163,1.08731025504537,-1.90143648695601
"NOVELLA",3.54166666668552,0.497499999997001,0.237787500008685,0.318901666748637,0.0721933009984466,0.963805532062349,3.28504221846025e-07,2.8024375770279e-06,0.0361913369958518,0.2077,0.6882,0.1041,-1.16190133143466,2.26081110540956,0.411320858535291,-0.938668458144263,0.625079914616486
"OLYMPUS",3.83500000001886,0.599999999997001,0.324337500008685,0.415278750123637,0.122050404873447,0.000264846538232441,0.105700997346391,0.00206341427898307,0.891970741836394,0.523,0.2619,0.215,2.49833803914651,0.545144444267222,-1.16951027455274,4.48868514616484,-1.32174185759794
"OPERA",5.02666666668552,0.664999999997001,0.341737500008685,0.495073749998637,0.136855177498447,0.984137677404744,3.58255553226228e-06,6.44031559590749e-07,0.0158580960081639,0.2687,0.6335,0.0978,-1.42915446475795,2.34150001392978,1.63789783736243,1.4495587293305,1.23329858323483
"ORCHESTRA",4.76333333335219,0.521249999997001,0.257525000008685,0.453685833123637,0.0970567217484466,0.999299523086928,1.19142719889019e-06,1.7265298949524e-06,0.000697558955978314,0.1895,0.6373,0.1732,-1.79152033586224,1.95430953160709,3.39004356781526,0.917506784114638,-0.538031359883004
"ORIANA",4.07916666668552,0.561249999997001,0.302337500008685,0.480285833373637,0.127519285998447,0.991345437806303,1.06767607820102e-09,4.18043598455235e-06,0.00865038069003663,0.0728,0.7438,0.1835,-3.43866521124282,1.65393219229565,-0.266576745930377,-2.69605217432049,0.514018640486242
"OTHELLO",6.59500000001886,0.443749999997001,0.227150000008685,0.464253749998637,0.0861111832484466,3.75250223530872e-06,3.06973271870532e-06,1.02992878965625e-07,0.999993074772167,0.5751,0.395,0.03,3.66032443848099,3.61773685391088,-4.02554092475469,-1.62814963474072,-1.77410045518561
"PALADIN",4.63416666668552,0.563749999997001,0.306775000008685,0.408860416748637,0.107473618748447,1.40619667157999e-10,0.999999869234602,3.56820215970064e-08,9.4942757107851e-08,0.6337,0.0115,0.3548,5.3567460290986,-4.28426674976923,2.21386402932886,0.369358726561403,3.72415950054341
"PANDA",4.64666666668553,0.653749999997001,0.362075000008685,0.635894166623636,0.222815340998447,0.999899842039885,1.45009599774933e-08,2.16698545283826e-07,9.99267606092077e-05,0.169,0.7212,0.1098,-3.34446848560739,3.05500256945291,3.61866026009273,2.31428656116562,-2.8213209240895
"PARAMOUNT",6.03083333335219,0.543749999997001,0.256287500008685,0.564222083373636,0.139273443623447,0.043220715519747,4.27039170709473e-08,3.66947990491068e-06,0.956775572296431,0.3102,0.6125,0.0773,0.142961993594566,4.38569478255091,-2.35721029177584,-3.73750683512006,-2.40215776485822
"PATRONES",5.23083333335219,0.593749999997001,0.297537500008685,0.479483333248636,0.136064123873447,0.942344487681961,1.89207507929104e-05,0.00272470305489883,0.0549118885123471,0.1373,0.5363,0.3263,-1.86561316155076,-1.24102401437834,-0.183401154859384,-0.219670053707256,1.10892416330668
"PENTLAND_ACE",4.61083333335219,0.589999999997001,0.307025000008685,0.494388333248637,0.121362643998447,0.0317153527229395,0.000640218076416557,0.00428568380891202,0.963358745391732,0.3322,0.4153,0.2525,0.497446820683921,-0.768893534090883,-0.705668703881059,-0.721117382875431,-0.630622237500753
"PENTLAND_BEAUTY",4.05333333335219,0.547499999997001,0.273662500008685,0.351107500248637,0.0834687879984466,0.000308722889432236,2.45592775063403e-05,0.876352322428431,0.12331439540463,0.1837,0.2888,0.5275,-0.479762736990617,-3.45080330315722,-3.18294658554395,-1.753266915233,-1.30039721741055
"PENTLAND_CROWN",5.04250000001886,0.563749999997001,0.289837500008685,0.442105833248637,0.124381336498447,0.0693062982921856,0.000656589654573326,0.000107391949653731,0.929929720103587,0.3514,0.4699,0.1787,0.649273900303247,1.79769463629987,-1.25411045614202,0.234158443309226,1.31310527348267
"PENTLAND_DELL",3.74666666668552,0.488749999997001,0.244087500008685,0.375707500123636,0.0787583677484466,0.000176303815766169,6.09397068247019e-06,0.0112058882589156,0.988611713954636,0.328,0.3504,0.3216,0.995393374466582,-1.22983781401637,-4.17506362698573,0.137954226381367,-2.04790525271315
"PENTLAND_IVORY",4.04666666668552,0.556249999997001,0.267000000008685,0.510153958248637,0.111193850248447,0.000127834612507187,7.74634683570867e-06,0.000172068756633052,0.999692350284024,0.4089,0.4174,0.1737,1.85499641878356,1.38408168527117,-3.72653739021043,2.21180418219705,-1.92255990538964
"PENTLAND_JAVELIN",4.22916666668552,0.469999999997001,0.271275000008685,0.383312499998636,0.110863394998447,0.0201939566896183,7.14950079484244e-05,0.000395695544125866,0.979338852758307,0.2942,0.4841,0.2217,-0.256028321422613,0.574663180845472,-2.6053247895799,0.989829999274119,2.49760121143945
"PENTLAND_MARBLE",2.54333333335219,0.411249999997001,0.226700000008685,0.304598333373636,0.0577587542484466,0.674114284042808,5.64299777000335e-07,6.71032979870946e-05,0.325818048359428,0.2038,0.643,0.1531,-1.93749489591213,1.56164220389903,-1.68193946643662,-1.71814786932072,0.409313415600134
"PENTLAND_SQUIRE",4.57166666668553,0.561249999997001,0.261925000008685,0.384256250123636,0.0997958954984466,0.00568926055279434,0.000208214225418085,0.00289863755977787,0.99120388766201,0.3328,0.4057,0.2615,0.871964172765613,-0.0211321481965097,-2.35269852979198,1.63256396064996,-1.11886365725729
"PEPO_1978",5.08500000001886,0.589999999997001,0.344850000008685,0.472120416623637,0.139215634373447,0.999875017421098,1.98596516030193e-07,3.4523802315857e-06,0.000121331602154674,0.1346,0.6387,0.2267,-3.2719710632205,0.935331835647645,2.64565840703327,-0.829506840648528,-1.73603832170915
"PICASSO",7.10083333335219,0.624999999997001,0.336400000008685,0.523946666748636,0.157894387873447,0.0724320797094871,1.50587423953734e-05,8.24769787383332e-08,0.927552779071139,0.4303,0.5592,0.0105,1.68101896811181,4.40384274630134,-1.28067002344249,-4.76514286830448,0.464876146686405
"PIMPERNEL",4.98916666668552,0.576249999997001,0.369250000008685,0.613257499873636,0.224610334373447,0.998554409187061,3.29762730644869e-07,4.77512488118075e-05,0.00139750980139679,0.1236,0.5988,0.2776,-3.02042963460767,0.297749631466736,1.9336981751223,-3.21561875931843,-0.726565793842178
"PIONEER",3.62083333335219,0.529999999997001,0.228800000008685,0.404331249998637,0.0855743734984466,0.999614084532622,6.9545370469758e-08,6.06438318680105e-05,0.000325202090139174,0.0742,0.6662,0.2597,-4.21169925157276,2.16467350882012,3.31874361496163,3.18236385088863,-3.80437203631419
"PIXIE",4.77666666668552,0.499999999997001,0.253575000008685,0.478518749998636,0.111753243123447,0.00317351850619883,0.091652867460636,3.59447897830282e-07,0.905173254585267,0.6136,0.363,0.0234,4.666694750853,3.59951890628464,0.374007798102436,0.323237860214224,-0.209548871610555
"PREMIERE",4.46166666668553,0.526249999997001,0.228437500008685,0.401064166873637,0.0828882247484466,0.987718587822042,1.90387572154972e-05,0.00151554603018126,0.0107468273905616,0.1194,0.4992,0.3814,-1.99342982912852,-2.07981344754296,0.395613488046109,-1.8733964919062,3.07314004968023
"PRODUCENT",5.55666666668553,0.627499999997001,0.340487500008685,0.538032499998636,0.174014846123447,0.998706326380137,0.000340711018950532,8.72231184083268e-06,0.000944240289071302,0.2402,0.5303,0.2295,-1.355470840227,0.106056573335686,2.97313310456915,-0.114900933389377,2.70345747998352
"PROVOST",4.45083333335219,0.566249999997001,0.255400000008685,0.420747499998637,0.101295727873447,0.0418401003848294,6.4966029172733e-06,0.000901147161290641,0.957252255850963,0.2632,0.5065,0.2303,-1.11845825412484,1.08994540572981,-3.61994635708618,0.217072284832335,0.114541969310275
"R.P.LUSTRE",3.20416666668552,0.541249999997001,0.260525000008685,0.311949999998636,0.0608145442484466,0.0177480109446647,0.00865160954778755,0.182521834087468,0.79107854542008,0.3337,0.3211,0.3452,0.275660342554421,-1.5149851835002,-0.232107868981436,1.80659600768254,-2.9926919378253
"RANGER_RUSSET",3.56750000001886,0.484999999997001,0.217850000008685,0.360386249998636,0.0801494814984466,0.030603495459653,7.54054010035546e-08,0.118873291012931,0.850523138122015,0.0853,0.5194,0.3953,-3.3183140485159,-1.22355005084012,-6.27795530153835,1.30926333884346,1.94160835694507
"RATTE",3.75666666668552,0.476249999997001,0.241137500008685,0.484431666748637,0.117450777373447,0.000112080673041995,0.000316435388974999,0.999322659104542,0.000248824833441162,0.2237,0.2099,0.5664,-1.5179338486832,-3.89647480682952,-0.288022754064105,3.07590738216717,-3.701208131962
"RECORD",2.24666666668552,0.499999999997001,0.235225000008685,0.344884583248636,0.0902460891234466,0.999831354802215,9.26924677692777e-09,6.12619142544749e-05,0.000107374014283426,0.019,0.5938,0.3873,-4.23519503898493,-1.85640199353972,1.48929250843476,-4.36042275019682,2.19386730723734
"REMBRANDT",4.80250000001886,0.516249999997001,0.271725000008685,0.428102499998637,0.0995112319984466,0.998140666201177,2.00922188343924e-05,3.62617672459159e-05,0.00180297981274286,0.162,0.5604,0.2777,-3.03283832766315,0.0986094201932744,2.11528660677161,0.826926331262455,3.40128753594681
"RIO_ROJO",3.81583333335219,0.442499999997001,0.209687500008685,0.299554166748636,0.0621526178734466,0.032038798061342,7.66785463008447e-06,0.000484297423803908,0.967469236660224,0.2925,0.5267,0.1808,-1.04883751190836,1.87099499618616,-4.62502708592556,3.74584513868231,1.42805750627144
"ROBIJN",4.76583333335219,0.781249999997001,0.423025000008685,0.613512083498637,0.235494757748447,0.999843196321694,1.71107281431846e-09,0.000127106753150803,2.96952140822153e-05,0.0108,0.5942,0.395,-5.16721395496374,-1.17957384668531,1.58307030340799,-3.58530286912247,-0.137103319809281
"ROCKET",5.98750000001886,0.506249999997001,0.252337500008685,0.411037083248636,0.0923100872484466,1.68873766057279e-07,0.999613612005366,7.30919405589159e-06,0.000378909926811694,0.6108,0.0899,0.2993,4.51351428712411,-2.41215082677486,0.277506180940274,0.189173387995805,1.6900360597055
"RODE_STAR",4.19416666668552,0.684999999997001,0.396462500008685,0.676067916748637,0.257141986748447,0.989006737719645,9.03140353288325e-08,0.0109675238201593,2.56481461605207e-05,0.028,0.4945,0.4775,-4.51406359262551,-2.75565426514245,3.8137460229367,-2.65077767094306,-3.53673161925158
"ROMANO",4.76916666668552,0.557499999997001,0.271737500008685,0.448347916748636,0.113785035748447,0.777805788579491,8.52088447087987e-08,1.7461014496463e-06,0.222192380110214,0.2524,0.6932,0.0544,-1.73650409266064,3.51967371176311,0.144687965742329,-2.50527909016164,-1.01743354389875
"ROMEO",4.85250000001886,0.733749999997001,0.413025000008685,0.616375416748636,0.246018721623447,0.00400038627500451,1.73645950499063e-06,0.00250486592277435,0.993493011342716,0.3201,0.4536,0.2263,0.521217961328763,1.18581278765108,-2.13589168812738,0.574532549463662,-4.40741740678409
"ROOSTER",5.98500000001886,0.754999999997001,0.409037500008685,0.574221666623636,0.216165702373447,0.0166818573741353,1.29674238435039e-05,0.000157281955782883,0.983147893246238,0.34,0.4705,0.1895,0.674158638469803,1.39477703059356,-1.96014128635521,0.438668764993161,-1.18321825008219
"ROYAL",5.99416666668553,0.641249999997001,0.367887500008685,0.539681666748636,0.186364490248447,0.807562538638368,0.184889735741243,0.00028240000410236,0.00726532561628627,0.3617,0.4048,0.2335,0.141737221704459,0.434908346615477,3.83206429403752,1.2075285146182,0.217451019514181
"ROYAL_KIDNEY",5.26916666668552,0.544999999997001,0.287987500008685,0.515152499998637,0.133603263623447,1.83675420761496e-05,2.71996066480539e-07,0.967807834882907,0.0321735255789502,0.1186,0.3059,0.5754,-1.51261307311775,-4.69093271464331,-6.42049673169738,1.12369582883161,0.643589747149287
"RUBESSE",5.17833333335219,0.606249999997001,0.291787500008685,0.483783749998636,0.133073329748447,0.898027639292992,3.88909687202986e-07,4.24563776997072e-05,0.101929515419621,0.2047,0.6298,0.1655,-1.69179039599888,1.8236460551583,-1.1153404679998,3.0232884641157,-0.245439308534877
"RUSSET_BURBANK",4.65833333335219,0.579999999997001,0.311037500008685,0.438997916748636,0.130002870248447,0.0113402497675399,1.06163729334291e-06,0.012815252923088,0.975843435672079,0.2045,0.4793,0.3162,-2.51374461963599,-0.609618202148208,-5.81469097916689,3.7652295059159,2.93642412129323
"RUSSET_NORKOTAH",3.51166666668552,0.396249999997001,0.196787500008685,0.340570833248636,0.0666789508734466,0.00148883000616313,4.53630933082295e-06,0.00707526017009932,0.991431373514407,0.2724,0.4515,0.2761,-2.02318861637432,0.642767021862058,-5.58990653642828,7.11769934768004,1.93641073945155
"SAFARI",4.70166666668552,0.564999999997001,0.310337500008685,0.426192083248636,0.107124213248447,0.981415507091471,4.36420961211073e-08,6.05856340921566e-08,0.0185843886807988,0.2227,0.7193,0.058,-1.9592872291489,3.85647267909912,0.0131162556693598,-1.13412142804166,1.8913099397945
"SANTANA",5.37083333335219,0.532499999997001,0.281250000008685,0.388117083373636,0.105504823998447,0.986079265275953,2.70503981202422e-05,1.69966716758219e-05,0.0138766876542511,0.2287,0.5544,0.217,-2.30837761139075,1.20612094731843,-0.0583583549086945,1.02853661910925,4.38574551064223
"SANTE",6.73416666668552,0.553749999997001,0.301050000008685,0.575772916498636,0.163114351623447,0.995058362926521,2.58076643465674e-05,4.87076623633826e-06,0.00491095864289649,0.2439,0.5733,0.1828,-0.982086267621572,0.83984119242136,2.31277174646689,-1.04781238433585,1.61848799155342
"SAPHIRE",6.35583333335219,0.618749999997001,0.333437500008685,0.614527708248636,0.184669164248447,0.967466316411692,2.94059906754662e-06,1.73037623681608e-07,0.0325305699516169,0.249,0.6585,0.0924,-1.43148732561702,2.87418901042348,0.0716263171228622,0.0846490145599959,4.56930255989668
"SARPO_MIRA",5.56500000001886,0.627499999997001,0.383237500008685,0.607841250123637,0.222687628998447,0.997009705662547,2.5609269097524e-07,0.000254577986774288,0.00273546025798782,0.1433,0.6154,0.2413,-3.2437314953471,0.911285901428459,1.80006682915134,0.316538059490268,-2.20130971697278
"SARPO_SHONA",4.40500000001886,0.526249999997001,0.327212500008685,0.503032083248637,0.159883426373447,0.99946674465321,8.47911084240715e-09,3.24111777059633e-06,0.000530005749908939,0.1368,0.6902,0.173,-3.61538830684859,1.30695955811574,2.30552600979831,0.0293075457083718,-1.78129863381244
"SASSY",3.98666666668553,0.502499999997001,0.282100000008685,0.425053333373637,0.107410691248447,0.89648149755436,5.61405848969605e-05,0.0167302323778244,0.0867321294829183,0.1652,0.4897,0.3451,-2.38611644969387,-0.689830877100516,0.39024774746583,0.00309328252139517,1.005448169263
"SATURNA",4.59250000001886,0.561249999997001,0.299175000008685,0.446409999873636,0.118114689998447,0.999872371328578,6.16630229114958e-08,0.000111828530824233,1.57384775745396e-05,0.0244,0.5886,0.3871,-3.95467311574797,-1.4682591851308,3.22855290176687,-1.48178789810948,-0.720805164371802
"SAVA",4.34583333335219,0.489999999997001,0.240400000008685,0.421350416498637,0.0892798707484466,0.997091518247529,2.13914302172656e-06,5.4252029003374e-06,0.00290091740654879,0.2038,0.6394,0.1568,-2.25104770046205,1.74426240824594,1.64639131324984,1.73082153388228,0.0617511076332562
"SAXON",4.95833333335219,0.511249999997001,0.236437500008685,0.372749166748637,0.0774848409984465,2.9346113861661e-07,0.999816580148472,3.04398229099881e-07,0.000182821992160997,0.6539,0.1158,0.2303,6.0986264183492,-1.39966459643549,1.97628837066815,0.886217733614261,0.186507791104991
"SCARBOROUGH",4.78833333335219,0.556249999997001,0.323537500008685,0.495713333248637,0.161158716123447,4.71440229929377e-11,0.999999765057569,2.26947140456883e-10,2.34668340235e-07,0.8003,0.021,0.1786,7.32504622539861,-1.02431043432523,3.2411409046775,2.28196883469503,-1.09340855013003
"SEFTON_WONDER",5.33916666668553,0.613749999997001,0.308112500008685,0.440628749998636,0.120512835623447,2.27930947575035e-06,0.000305492994931798,0.975796972559952,0.02389525513564,0.2983,0.13,0.5717,0.633957935601678,-5.36866188117568,-3.73802512083975,0.953946464328377,-0.359342927954323
"SERAFINA",3.96666666668553,0.441249999997001,0.201725000008685,0.407505833373637,0.0758530417484466,0.998163903923112,1.56735015763227e-09,1.75236744210758e-05,0.00181857083511655,0.1019,0.7044,0.1937,-3.21969568377232,2.0024348114205,1.28961403308504,-0.498207684975923,-4.14333624507603
"SETANTA",5.86583333335219,0.737499999997001,0.400787500008685,0.565241666623637,0.213182367373447,0.00284944390971534,0.00710978621201485,1.28888372782685e-05,0.990027881040991,0.5316,0.3628,0.1056,3.0414956045058,2.35089716442072,-0.127971711512896,1.20891659195882,-2.25882718113983
"SHARPES_EXPRESS",4.12083333335219,0.532499999997001,0.264687500008685,0.391964583498636,0.0954777891234466,1.81551208590686e-05,4.07337307307607e-06,0.999943717404527,3.40541015408259e-05,0.1194,0.1869,0.6937,-2.16131409906286,-6.52474058926925,-0.598258207018363,-0.100441413214734,-2.228300213984
"SHELAGH",6.50250000001886,0.611249999997001,0.300050000008685,0.513564583373637,0.146666251123447,0.0475300017856193,0.00506489215392693,0.0245699017267686,0.922835204333685,0.328,0.3516,0.3204,0.241993687673077,-1.14510791111614,-0.192048596461005,-1.94109965955778,-0.508866504974055
"SHELFORD",4.83166666668552,0.559999999997001,0.346750000008685,0.471279166373636,0.159862496998447,0.983170456583663,4.31803950304528e-07,0.000796222767906839,0.0160328888444803,0.1238,0.5993,0.2769,-3.10914804784646,0.779368821707455,-0.397432341305628,0.303042011491558,0.163902581424347
"SHEPODY",5.45083333335219,0.552499999997001,0.299037500008685,0.449058750123637,0.109975557248447,0.0161157603316593,8.95847754556332e-06,0.00377363479795548,0.98010164639284,0.2109,0.459,0.3301,-1.56016504152209,-0.34164278426738,-5.99423373467078,0.587315805495137,4.7457317866563
"SLANEY",7.20166666668552,0.708749999997001,0.415600000008685,0.567265416498637,0.226779414373447,0.00018327977602009,0.00405112398435368,3.58387894660658e-07,0.995765237851731,0.603,0.3703,0.0267,4.20731548251192,3.29307140741106,-0.954028987445044,-1.25602875969248,-1.6595771152483
"SPEY",5.70083333335219,0.593749999997001,0.326550000008685,0.537904166623637,0.165498285373447,0.000422558011694036,0.00256195763165815,3.07649384141168e-08,0.99701545359171,0.6073,0.3834,0.0093,4.37070451521299,3.59262709531668,-0.970383257195447,-1.60359827476703,-1.07601695239559
"SPUNTA",6.14750000001886,0.527499999997001,0.236650000008685,0.532438333248637,0.120172098998447,0.535544559419143,0.000137493609599752,0.0111493022611225,0.453168644710134,0.2703,0.4684,0.2613,-1.67707265165033,1.07359732218788,-0.816263500265429,2.14385354522748,-1.70747701934073
"STAMINA",5.57500000001886,0.554999999997001,0.279600000008685,0.494291874998637,0.136504337748447,5.27750348038922e-08,0.999400081543049,7.05283316014994e-10,0.000599864976632427,0.8135,0.1596,0.0269,6.3964056732137,-0.0669765054796594,1.35573053206978,-0.734375156223678,3.68113728044557
"STEMSTER",6.49916666668552,0.598749999997001,0.338312500008685,0.491555833248637,0.160485849748447,0.511665442208809,0.185803382651757,0.00983506176695221,0.292696113372483,0.354,0.3572,0.2888,0.889330630579505,-0.905974444986263,2.30076750415847,-0.905949776874203,-0.144430187901114
"STIRLING",5.01916666668552,0.482499999997001,0.253862500008685,0.415929166623637,0.0920917374984466,0.413238761823905,0.00185614547587375,0.00416978320427074,0.580735309495951,0.2837,0.4268,0.2895,-0.257928099499481,-1.30094826039794,-0.373983000109177,-2.5333904713177,1.53323675153111
"STORMONT_ENTERPRISE",6.31666666668552,0.538749999997001,0.283312500008685,0.520848749998637,0.123413877498447,0.0100457976741333,0.000158835513753304,8.21122953605339e-06,0.989787155582577,0.4884,0.4864,0.0252,1.34431922002166,2.07700763352283,-1.33062695700697,-0.548388452490208,-0.24283031856699
"SYLVANA",5.22833333335219,0.573749999997001,0.282737500008685,0.491482708248636,0.122659989998447,0.78645639770911,7.36865193913012e-06,7.19266082305807e-05,0.21346430703072,0.2413,0.5788,0.1799,-1.24315086406779,1.34627438936126,-0.510173652633726,0.103182276923201,0.906273752692768
"TAY",4.26750000001886,0.579999999997001,0.284600000008685,0.386266666623636,0.104924772998447,0.000142246356896616,0.369250478554655,9.05010599230164e-07,0.63060637007785,0.6837,0.2719,0.0444,4.88696185477677,2.34279084270191,0.1866067945875,2.22313296596199,-2.64899773625468
"TIMATE",6.08000000001886,0.669999999997001,0.370825000008685,0.510603749873636,0.159782095873447,0.999936167175412,1.12885032939982e-07,2.09706096941709e-07,6.35102334581721e-05,0.1563,0.6749,0.1688,-3.34050189089447,2.38507588543475,3.28635101667801,1.6318790699398,0.52284587873346
"TOLUCA",4.59250000001886,0.524999999997001,0.284200000008685,0.419740624873637,0.111628053998447,0.996908522655039,4.48006305408046e-10,8.47006269085518e-07,0.00309062989068591,0.0943,0.7841,0.1216,-3.37603038105401,2.70033665239651,0.449618650729586,-0.769821547540543,-1.55993355607413
"TORRIDON",5.33583333335219,0.642499999997001,0.333212500008685,0.531804791498637,0.160028680623447,0.724380952945644,1.00565587902685e-05,5.1641558722301e-05,0.275557348936844,0.2424,0.5769,0.1807,-1.2105219807323,1.22832460372119,-1.19823935710227,-1.98294877823574,0.134741363642673
"ULSTER_SCEPTRE",4.35500000001886,0.488749999997001,0.232587500008685,0.452703333248636,0.0985416197484466,0.000541081192709719,0.101102875851888,0.00017010242940465,0.898185940525998,0.5116,0.2696,0.2188,2.76633625437886,-0.955135274674447,-1.40843508677343,-0.516465141825843,2.2810788452841
"UMATILLA_RUSSET",7.30750000001886,0.683749999997001,0.382075000008685,0.556160416748636,0.203004588498447,0.00853137953864719,0.599214123116697,0.37278286676407,0.0194716305805862,0.3365,0.1761,0.4874,1.00922127501248,-3.97588272005893,1.61052787216918,-0.942576947527849,-1.12850343282325
"VALES_EMERALD",4.06333333335219,0.472499999997001,0.239637500008685,0.492170833373637,0.107891462998447,0.409368927462495,0.00827615369259065,0.00217899560160953,0.580175923243305,0.3812,0.4358,0.1829,0.0706136928494164,1.36706566575169,1.22986579710293,3.04710275433421,-2.2463074197747
"VALES_EVEREST",5.82333333335219,0.564999999997001,0.298675000008685,0.447055416748636,0.122660568873447,8.03264830910321e-05,0.00535587071257654,3.07896631416053e-05,0.994533013141191,0.5625,0.2738,0.1638,4.04698813731269,1.32012256657152,-2.05532806386266,-1.03279304219863,-2.01251324103613
"VALES_RUSSET",5.27750000001886,0.538749999997001,0.291312500008685,0.402184583498637,0.112635112123447,0.039354643025102,4.75485458346917e-05,0.331563413998284,0.629034394430779,0.1766,0.4225,0.401,-2.60828758025248,-1.13030624102014,-4.14005208761782,4.40296783129206,1.57764049667966
"VALES_SOVEREIGN",5.47583333335219,0.629999999997001,0.329062500008685,0.594356041748636,0.179878748998447,2.06701658191165e-05,0.00263468346805198,9.72947031526293e-09,0.997344636636659,0.6906,0.2999,0.0095,5.42949234610716,4.06472647565719,-1.4199772103997,-4.91318890059122,-1.53672494480862
"VALOR",5.63500000001886,0.527499999997001,0.277475000008685,0.451649166623636,0.110279170623447,0.000191129272475139,0.0308016438282055,1.25186269760844e-08,0.969007214380692,0.6885,0.3033,0.0082,6.02021008336683,4.1141843559007,-0.284850981261834,-2.27213607029875,0.260236648664544
"VAN_GOGH",5.29416666668552,0.677499999997001,0.361737500008685,0.494832499873637,0.171002427748447,0.999739199866453,4.42739206015464e-07,4.91115799211736e-06,0.000255446236348318,0.1335,0.6005,0.266,-2.19114837970961,-0.144784120162902,2.47623996252258,-1.3824909176659,0.601171483899111
"VANTAGE",4.44166666668552,0.711249999997001,0.412562500008685,0.492449583373637,0.184613046998447,0.841685522728121,1.80262814102175e-05,0.11117090571504,0.0471255452754279,0.0677,0.4816,0.4507,-3.21549033290753,-1.98044404595486,-0.0130316906368406,-2.38696080059805,2.15584198142807
"VERDI",4.19833333335219,0.567499999997001,0.257912500008685,0.552442083373637,0.133610978873447,0.998742216468483,2.13599541933955e-06,0.000156068375581153,0.00109957916051703,0.1387,0.561,0.3003,-2.63952367068873,-0.523731055731729,2.5172273819811,-1.20908084221592,-1.78800998395462
"VICTORIA",4.78583333335219,0.661249999997001,0.339412500008685,0.443141666623637,0.131324232748447,0.991470482341997,4.11312256771108e-07,5.295538120805e-06,0.00852381080762568,0.1433,0.6713,0.1854,-2.64058044726078,1.24910985584171,1.09765021456235,1.3038304475369,2.30719130414919
"VIVALDI",5.17500000001886,0.538749999997001,0.286337500008685,0.377233333373636,0.101494809248447,0.990735289379052,5.72374324784373e-10,3.61345849077222e-07,0.00926434870272525,0.0696,0.7894,0.141,-2.8133058679674,2.25911676803584,-0.796726429839574,-2.68224249078112,0.785350923090404
"WILJA",4.73666666668552,0.503749999997001,0.261250000008685,0.447770416498636,0.109119462123447,0.991884221408647,2.94027950034686e-06,0.000119929460882757,0.00799290885096972,0.1002,0.5722,0.3276,-2.3805755552161,-0.981371987674255,0.36880787354073,-3.95095572874519,4.2452667433191
"WINSTON",5.15750000001886,0.539999999997001,0.251900000008685,0.341509999998636,0.0722291206234466,0.000422345525792974,0.293640100766492,1.36168918300692e-06,0.705936192018532,0.6774,0.2926,0.03,4.48498191720568,1.90791384416823,0.967565148981658,1.02110533238125,0.0120547640889504
"XD2-21",5.05583333335219,0.679999999997001,0.379712500008685,0.491093333373636,0.160592076373447,0.000543336799312182,1.01995554094261e-05,0.00242589663113825,0.99702056701414,0.3276,0.3918,0.2807,0.629578529573544,-0.962761972446296,-2.96098264705123,-0.657075004859247,-0.973615455701022
"YUKON_GOLD",3.90750000001886,0.571249999997001,0.290450000008685,0.328838749998637,0.0865831182484466,0.229705804487397,0.00214137437621228,3.77600798441686e-05,0.768115061056547,0.3994,0.5204,0.0802,-0.128999531577984,2.39501660132329,-1.38917604108579,4.4391320457265,1.25522951182556
"ZORBA",4.27583333335219,0.528749999997001,0.243775000008685,0.361118125123637,0.0855851673734466,0.928335464877016,2.10978504274485e-06,0.000174124944363601,0.0714883003935778,0.1502,0.5989,0.251,-2.46091237160258,0.0638252429779401,-0.842229596775735,-1.04005603035235,2.37894340195464
